OrderID,Date,CustomerID,TotalAmount,Status,ProductID,ProductName,Category,Quantity,UnitPrice,ItemTotal
1,2022-09-03,6,2000.0,Processing,3,Apple Watch Ultra,watch,1,2000.0,2000.0
1,2022-09-03,6,9500.0,Processing,5,MacBook,laptop,3,2500.0,7500.0
2,2023-12-13,8,2500.0,Processing,5,MacBook,laptop,1,2500.0,2500.0
2,2023-12-13,8,6500.0,Processing,3,Apple Watch Ultra,watch,2,2000.0,4000.0
2,2023-12-13,8,9497.0,Processing,2,iPhone 16,phone,3,999.0,2997.0
3,2023-12-22,8,2997.0,Delivered,2,iPhone 16,phone,3,999.0,2997.0
3,2023-12-22,8,8997.0,Delivered,3,Apple Watch Ultra,watch,3,2000.0,6000.0
3,2023-12-22,8,9496.0,Delivered,4,Apple Watch,watch,1,499.0,499.0
4,2022-04-23,1,1998.0,Processing,2,iPhone 16,phone,2,999.0,1998.0
4,2022-04-23,1,2497.0,Processing,4,Apple Watch,watch,1,499.0,499.0
4,2022-04-23,1,3997.0,Processing,6,iPad Pro,tablet,1,1500.0,1500.0
5,2022-05-24,18,2500.0,Completed,5,MacBook,laptop,1,2500.0,2500.0
5,2022-05-24,18,6500.0,Completed,3,Apple Watch Ultra,watch,2,2000.0,4000.0
5,2022-05-24,18,8000.0,Completed,6,iPad Pro,tablet,1,1500.0,1500.0
6,2022-12-16,1,5000.0,Delivered,5,MacBook,laptop,2,2500.0,5000.0
6,2022-12-16,1,11000.0,Delivered,3,Apple Watch Ultra,watch,3,2000.0,6000.0
6,2022-12-16,1,15500.0,Delivered,6,iPad Pro,tablet,3,1500.0,4500.0
7,2023-02-10,13,999.0,Completed,2,iPhone 16,phone,1,999.0,999.0
7,2023-02-10,13,2496.0,Completed,4,Apple Watch,watch,3,499.0,1497.0
7,2023-02-10,13,9996.0,Completed,5,MacBook,laptop,3,2500.0,7500.0
8,2022-12-22,19,1497.0,Shipped,4,Apple Watch,watch,3,499.0,1497.0
9,2022-03-11,15,999.0,Delivered,2,iPhone 16,phone,1,999.0,999.0
10,2022-02-18,2,6000.0,Processing,3,Apple Watch Ultra,watch,3,2000.0,6000.0
10,2022-02-18,2,6998.0,Processing,4,Apple Watch,watch,2,499.0,998.0
10,2022-02-18,2,9995.0,Processing,2,iPhone 16,phone,3,999.0,2997.0
11,2023-12-10,10,1998.0,Processing,2,iPhone 16,phone,2,999.0,1998.0
11,2023-12-10,10,3998.0,Processing,3,Apple Watch Ultra,watch,1,2000.0,2000.0
11,2023-12-10,10,6498.0,Processing,5,MacBook,laptop,1,2500.0,2500.0
12,2023-11-06,4,7500.0,Delivered,5,MacBook,laptop,3,2500.0,7500.0
13,2023-01-27,3,4000.0,Completed,3,Apple Watch Ultra,watch,2,2000.0,4000.0
14,2023-02-02,1,1497.0,Shipped,4,Apple Watch,watch,3,499.0,1497.0
14,2023-02-02,1,2496.0,Shipped,2,iPhone 16,phone,1,999.0,999.0
15,2023-01-07,15,2500.0,Shipped,5,MacBook,laptop,1,2500.0,2500.0
16,2023-10-16,9,2500.0,Processing,5,MacBook,laptop,1,2500.0,2500.0
17,2023-12-24,18,2997.0,Delivered,2,iPhone 16,phone,3,999.0,2997.0
17,2023-12-24,18,7497.0,Delivered,6,iPad Pro,tablet,3,1500.0,4500.0
17,2023-12-24,18,7996.0,Delivered,4,Apple Watch,watch,1,499.0,499.0
18,2022-04-02,7,1500.0,Completed,6,iPad Pro,tablet,1,1500.0,1500.0
18,2022-04-02,7,5500.0,Completed,3,Apple Watch Ultra,watch,2,2000.0,4000.0
19,2022-09-30,9,1497.0,Shipped,4,Apple Watch,watch,3,499.0,1497.0
19,2022-09-30,9,6497.0,Shipped,5,MacBook,laptop,2,2500.0,5000.0
20,2022-11-19,15,2500.0,Processing,5,MacBook,laptop,1,2500.0,2500.0
20,2022-11-19,15,4000.0,Processing,6,iPad Pro,tablet,1,1500.0,1500.0
21,2022-09-06,5,1497.0,Processing,4,Apple Watch,watch,3,499.0,1497.0
21,2022-09-06,5,3495.0,Processing,2,iPhone 16,phone,2,999.0,1998.0
21,2022-09-06,5,9495.0,Processing,3,Apple Watch Ultra,watch,3,2000.0,6000.0
22,2023-09-19,10,999.0,Completed,2,iPhone 16,phone,1,999.0,999.0
23,2022-12-26,11,2997.0,Delivered,2,iPhone 16,phone,3,999.0,2997.0
23,2022-12-26,11,8997.0,Delivered,3,Apple Watch Ultra,watch,3,2000.0,6000.0
23,2022-12-26,11,9995.0,Delivered,4,Apple Watch,watch,2,499.0,998.0
24,2022-01-24,12,2500.0,Completed,5,MacBook,laptop,1,2500.0,2500.0
24,2022-01-24,12,5497.0,Completed,2,iPhone 16,phone,3,999.0,2997.0
24,2022-01-24,12,8497.0,Completed,6,iPad Pro,tablet,2,1500.0,3000.0
25,2022-04-22,15,2500.0,Completed,5,MacBook,laptop,1,2500.0,2500.0
26,2023-04-21,14,1497.0,Processing,4,Apple Watch,watch,3,499.0,1497.0
26,2023-04-21,14,2496.0,Processing,2,iPhone 16,phone,1,999.0,999.0
27,2023-10-12,4,4500.0,Delivered,6,iPad Pro,tablet,3,1500.0,4500.0
27,2023-10-12,4,6498.0,Delivered,2,iPhone 16,phone,2,999.0,1998.0
27,2023-10-12,4,7496.0,Delivered,4,Apple Watch,watch,2,499.0,998.0
28,2022-07-24,3,7500.0,Processing,5,MacBook,laptop,3,2500.0,7500.0
28,2022-07-24,3,7999.0,Processing,4,Apple Watch,watch,1,499.0,499.0
28,2022-07-24,3,9499.0,Processing,6,iPad Pro,tablet,1,1500.0,1500.0
29,2023-03-03,3,499.0,Delivered,4,Apple Watch,watch,1,499.0,499.0
29,2023-03-03,3,7999.0,Delivered,5,MacBook,laptop,3,2500.0,7500.0
30,2023-05-20,6,2997.0,Shipped,2,iPhone 16,phone,3,999.0,2997.0
30,2023-05-20,6,4997.0,Shipped,3,Apple Watch Ultra,watch,1,2000.0,2000.0
30,2023-05-20,6,7497.0,Shipped,5,MacBook,laptop,1,2500.0,2500.0
31,2023-06-06,11,4500.0,Completed,6,iPad Pro,tablet,3,1500.0,4500.0
32,2023-12-07,1,1998.0,Shipped,2,iPhone 16,phone,2,999.0,1998.0
33,2023-01-08,15,1497.0,Delivered,4,Apple Watch,watch,3,499.0,1497.0
33,2023-01-08,15,7497.0,Delivered,3,Apple Watch Ultra,watch,3,2000.0,6000.0
33,2023-01-08,15,14997.0,Delivered,5,MacBook,laptop,3,2500.0,7500.0
34,2023-10-26,9,5000.0,Shipped,5,MacBook,laptop,2,2500.0,5000.0
34,2023-10-26,9,5999.0,Shipped,2,iPhone 16,phone,1,999.0,999.0
35,2023-07-15,5,1497.0,Shipped,4,Apple Watch,watch,3,499.0,1497.0
36,2023-04-13,1,1998.0,Completed,2,iPhone 16,phone,2,999.0,1998.0
36,2023-04-13,1,5998.0,Completed,3,Apple Watch Ultra,watch,2,2000.0,4000.0
36,2023-04-13,1,13498.0,Completed,5,MacBook,laptop,3,2500.0,7500.0
37,2023-09-26,12,4500.0,Shipped,6,iPad Pro,tablet,3,1500.0,4500.0
37,2023-09-26,12,4999.0,Shipped,4,Apple Watch,watch,1,499.0,499.0
38,2023-04-21,19,6000.0,Delivered,3,Apple Watch Ultra,watch,3,2000.0,6000.0
39,2023-10-15,13,4000.0,Processing,3,Apple Watch Ultra,watch,2,2000.0,4000.0
39,2023-10-15,13,5500.0,Processing,6,iPad Pro,tablet,1,1500.0,1500.0
39,2023-10-15,13,5999.0,Processing,4,Apple Watch,watch,1,499.0,499.0
40,2022-04-24,15,1500.0,Delivered,6,iPad Pro,tablet,1,1500.0,1500.0
40,2022-04-24,15,3500.0,Delivered,3,Apple Watch Ultra,watch,1,2000.0,2000.0
41,2023-12-22,14,6000.0,Processing,3,Apple Watch Ultra,watch,3,2000.0,6000.0
42,2022-09-21,14,1500.0,Completed,6,iPad Pro,tablet,1,1500.0,1500.0
42,2022-09-21,14,1999.0,Completed,4,Apple Watch,watch,1,499.0,499.0
42,2022-09-21,14,9499.0,Completed,5,MacBook,laptop,3,2500.0,7500.0
43,2023-04-02,13,4500.0,Processing,6,iPad Pro,tablet,3,1500.0,4500.0
44,2023-01-24,16,1497.0,Delivered,4,Apple Watch,watch,3,499.0,1497.0
45,2023-11-18,2,1497.0,Completed,4,Apple Watch,watch,3,499.0,1497.0
45,2023-11-18,2,7497.0,Completed,3,Apple Watch Ultra,watch,3,2000.0,6000.0
45,2023-11-18,2,8496.0,Completed,2,iPhone 16,phone,1,999.0,999.0
46,2022-03-29,14,1998.0,Completed,2,iPhone 16,phone,2,999.0,1998.0
46,2022-03-29,14,4498.0,Completed,5,MacBook,laptop,1,2500.0,2500.0
47,2022-01-18,18,499.0,Completed,4,Apple Watch,watch,1,499.0,499.0
47,2022-01-18,18,3499.0,Completed,6,iPad Pro,tablet,2,1500.0,3000.0
47,2022-01-18,18,5999.0,Completed,5,MacBook,laptop,1,2500.0,2500.0
48,2022-04-19,19,499.0,Delivered,4,Apple Watch,watch,1,499.0,499.0
49,2023-04-04,14,1500.0,Shipped,6,iPad Pro,tablet,1,1500.0,1500.0
49,2023-04-04,14,3498.0,Shipped,2,iPhone 16,phone,2,999.0,1998.0
49,2023-04-04,14,10998.0,Shipped,5,MacBook,laptop,3,2500.0,7500.0
50,2022-04-09,8,4000.0,Completed,3,Apple Watch Ultra,watch,2,2000.0,4000.0
50,2022-04-09,8,5497.0,Completed,4,Apple Watch,watch,3,499.0,1497.0
51,2022-11-21,18,4500.0,Completed,6,iPad Pro,tablet,3,1500.0,4500.0
52,2023-11-14,15,2997.0,Shipped,2,iPhone 16,phone,3,999.0,2997.0
52,2023-11-14,15,8997.0,Shipped,3,Apple Watch Ultra,watch,3,2000.0,6000.0
53,2022-12-22,17,999.0,Shipped,2,iPhone 16,phone,1,999.0,999.0
53,2022-12-22,17,2499.0,Shipped,6,iPad Pro,tablet,1,1500.0,1500.0
54,2023-07-13,7,2997.0,Delivered,2,iPhone 16,phone,3,999.0,2997.0
54,2023-07-13,7,7497.0,Delivered,6,iPad Pro,tablet,3,1500.0,4500.0
54,2023-07-13,7,9997.0,Delivered,5,MacBook,laptop,1,2500.0,2500.0
55,2023-10-30,9,999.0,Processing,2,iPhone 16,phone,1,999.0,999.0
55,2023-10-30,9,2496.0,Processing,4,Apple Watch,watch,3,499.0,1497.0
56,2022-08-18,10,7500.0,Processing,5,MacBook,laptop,3,2500.0,7500.0
56,2022-08-18,10,8499.0,Processing,2,iPhone 16,phone,1,999.0,999.0
57,2022-05-09,8,2997.0,Completed,2,iPhone 16,phone,3,999.0,2997.0
57,2022-05-09,8,6997.0,Completed,3,Apple Watch Ultra,watch,2,2000.0,4000.0
58,2022-02-01,16,499.0,Shipped,4,Apple Watch,watch,1,499.0,499.0
58,2022-02-01,16,2999.0,Shipped,5,MacBook,laptop,1,2500.0,2500.0
59,2023-03-21,9,4500.0,Processing,6,iPad Pro,tablet,3,1500.0,4500.0
59,2023-03-21,9,4999.0,Processing,4,Apple Watch,watch,1,499.0,499.0
60,2022-04-19,13,4500.0,Shipped,6,iPad Pro,tablet,3,1500.0,4500.0
61,2023-03-14,8,3000.0,Shipped,6,iPad Pro,tablet,2,1500.0,3000.0
61,2023-03-14,8,5997.0,Shipped,2,iPhone 16,phone,3,999.0,2997.0
61,2023-03-14,8,11997.0,Shipped,3,Apple Watch Ultra,watch,3,2000.0,6000.0
62,2022-04-07,16,4000.0,Shipped,3,Apple Watch Ultra,watch,2,2000.0,4000.0
62,2022-04-07,16,8500.0,Shipped,6,iPad Pro,tablet,3,1500.0,4500.0
62,2022-04-07,16,8999.0,Shipped,4,Apple Watch,watch,1,499.0,499.0
63,2023-07-07,15,1497.0,Delivered,4,Apple Watch,watch,3,499.0,1497.0
63,2023-07-07,15,3495.0,Delivered,2,iPhone 16,phone,2,999.0,1998.0
63,2023-07-07,15,9495.0,Delivered,3,Apple Watch Ultra,watch,3,2000.0,6000.0
64,2023-08-31,6,1497.0,Processing,4,Apple Watch,watch,3,499.0,1497.0
65,2022-06-08,19,4500.0,Completed,6,iPad Pro,tablet,3,1500.0,4500.0
65,2022-06-08,19,5499.0,Completed,2,iPhone 16,phone,1,999.0,999.0
66,2023-05-18,13,5000.0,Shipped,5,MacBook,laptop,2,2500.0,5000.0
66,2023-05-18,13,8000.0,Shipped,6,iPad Pro,tablet,2,1500.0,3000.0
67,2023-12-13,18,2500.0,Delivered,5,MacBook,laptop,1,2500.0,2500.0
67,2023-12-13,18,7000.0,Delivered,6,iPad Pro,tablet,3,1500.0,4500.0
68,2023-12-22,9,1998.0,Shipped,2,iPhone 16,phone,2,999.0,1998.0
68,2023-12-22,9,5998.0,Shipped,3,Apple Watch Ultra,watch,2,2000.0,4000.0
69,2022-02-07,4,6000.0,Completed,3,Apple Watch Ultra,watch,3,2000.0,6000.0
69,2022-02-07,4,6999.0,Completed,2,iPhone 16,phone,1,999.0,999.0
70,2022-12-10,9,3000.0,Completed,6,iPad Pro,tablet,2,1500.0,3000.0
71,2023-06-26,13,1500.0,Processing,6,iPad Pro,tablet,1,1500.0,1500.0
72,2023-04-22,19,1497.0,Processing,4,Apple Watch,watch,3,499.0,1497.0
73,2023-02-17,15,3000.0,Processing,6,iPad Pro,tablet,2,1500.0,3000.0
73,2023-02-17,15,5997.0,Processing,2,iPhone 16,phone,3,999.0,2997.0
73,2023-02-17,15,6995.0,Processing,4,Apple Watch,watch,2,499.0,998.0
74,2022-07-05,9,4000.0,Processing,3,Apple Watch Ultra,watch,2,2000.0,4000.0
74,2022-07-05,9,4499.0,Processing,4,Apple Watch,watch,1,499.0,499.0
74,2022-07-05,9,6999.0,Processing,5,MacBook,laptop,1,2500.0,2500.0
75,2023-09-04,15,2500.0,Shipped,5,MacBook,laptop,1,2500.0,2500.0
75,2023-09-04,15,3997.0,Shipped,4,Apple Watch,watch,3,499.0,1497.0
76,2023-01-09,13,1497.0,Processing,4,Apple Watch,watch,3,499.0,1497.0
77,2023-08-24,11,6000.0,Shipped,3,Apple Watch Ultra,watch,3,2000.0,6000.0
77,2023-08-24,11,8500.0,Shipped,5,MacBook,laptop,1,2500.0,2500.0
78,2022-10-21,17,2997.0,Processing,2,iPhone 16,phone,3,999.0,2997.0
78,2022-10-21,17,4997.0,Processing,3,Apple Watch Ultra,watch,1,2000.0,2000.0
78,2022-10-21,17,5496.0,Processing,4,Apple Watch,watch,1,499.0,499.0
79,2023-08-12,9,4000.0,Processing,3,Apple Watch Ultra,watch,2,2000.0,4000.0
79,2023-08-12,9,6997.0,Processing,2,iPhone 16,phone,3,999.0,2997.0
79,2023-08-12,9,11997.0,Processing,5,MacBook,laptop,2,2500.0,5000.0
80,2022-01-28,6,1497.0,Completed,4,Apple Watch,watch,3,499.0,1497.0
80,2022-01-28,6,2997.0,Completed,6,iPad Pro,tablet,1,1500.0,1500.0
80,2022-01-28,6,4995.0,Completed,2,iPhone 16,phone,2,999.0,1998.0
81,2023-11-30,13,2500.0,Processing,5,MacBook,laptop,1,2500.0,2500.0
81,2023-11-30,13,5500.0,Processing,6,iPad Pro,tablet,2,1500.0,3000.0
82,2023-12-29,3,999.0,Shipped,2,iPhone 16,phone,1,999.0,999.0
82,2023-12-29,3,3999.0,Shipped,6,iPad Pro,tablet,2,1500.0,3000.0
83,2023-12-02,4,998.0,Completed,4,Apple Watch,watch,2,499.0,998.0
83,2023-12-02,4,2998.0,Completed,3,Apple Watch Ultra,watch,1,2000.0,2000.0
84,2023-03-03,3,3000.0,Delivered,6,iPad Pro,tablet,2,1500.0,3000.0
84,2023-03-03,3,9000.0,Delivered,3,Apple Watch Ultra,watch,3,2000.0,6000.0
84,2023-03-03,3,9999.0,Delivered,2,iPhone 16,phone,1,999.0,999.0
85,2023-11-23,16,3000.0,Processing,6,iPad Pro,tablet,2,1500.0,3000.0
85,2023-11-23,16,5000.0,Processing,3,Apple Watch Ultra,watch,1,2000.0,2000.0
85,2023-11-23,16,10000.0,Processing,5,MacBook,laptop,2,2500.0,5000.0
86,2022-04-18,6,4500.0,Delivered,6,iPad Pro,tablet,3,1500.0,4500.0
87,2023-06-14,10,6000.0,Shipped,3,Apple Watch Ultra,watch,3,2000.0,6000.0
87,2023-06-14,10,8500.0,Shipped,5,MacBook,laptop,1,2500.0,2500.0
87,2023-06-14,10,10000.0,Shipped,6,iPad Pro,tablet,1,1500.0,1500.0
88,2022-04-08,14,7500.0,Shipped,5,MacBook,laptop,3,2500.0,7500.0
88,2022-04-08,14,8498.0,Shipped,4,Apple Watch,watch,2,499.0,998.0
88,2022-04-08,14,12498.0,Shipped,3,Apple Watch Ultra,watch,2,2000.0,4000.0
89,2023-06-29,5,2997.0,Completed,2,iPhone 16,phone,3,999.0,2997.0
89,2023-06-29,5,5997.0,Completed,6,iPad Pro,tablet,2,1500.0,3000.0
89,2023-06-29,5,7997.0,Completed,3,Apple Watch Ultra,watch,1,2000.0,2000.0
90,2022-09-11,15,4500.0,Shipped,6,iPad Pro,tablet,3,1500.0,4500.0
90,2022-09-11,15,5997.0,Shipped,4,Apple Watch,watch,3,499.0,1497.0
91,2022-06-02,18,2000.0,Shipped,3,Apple Watch Ultra,watch,1,2000.0,2000.0
91,2022-06-02,18,2499.0,Shipped,4,Apple Watch,watch,1,499.0,499.0
92,2023-01-15,1,7500.0,Delivered,5,MacBook,laptop,3,2500.0,7500.0
92,2023-01-15,1,9000.0,Delivered,6,iPad Pro,tablet,1,1500.0,1500.0
92,2023-01-15,1,11000.0,Delivered,3,Apple Watch Ultra,watch,1,2000.0,2000.0
93,2022-12-13,6,1500.0,Delivered,6,iPad Pro,tablet,1,1500.0,1500.0
93,2022-12-13,6,1999.0,Delivered,4,Apple Watch,watch,1,499.0,499.0
93,2022-12-13,6,3997.0,Delivered,2,iPhone 16,phone,2,999.0,1998.0
94,2023-09-10,1,4500.0,Completed,6,iPad Pro,tablet,3,1500.0,4500.0
94,2023-09-10,1,12000.0,Completed,5,MacBook,laptop,3,2500.0,7500.0
94,2023-09-10,1,14000.0,Completed,3,Apple Watch Ultra,watch,1,2000.0,2000.0
95,2023-01-16,14,4000.0,Shipped,3,Apple Watch Ultra,watch,2,2000.0,4000.0
95,2023-01-16,14,6997.0,Shipped,2,iPhone 16,phone,3,999.0,2997.0
95,2023-01-16,14,7496.0,Shipped,4,Apple Watch,watch,1,499.0,499.0
96,2023-08-11,19,2997.0,Shipped,2,iPhone 16,phone,3,999.0,2997.0
96,2023-08-11,19,4497.0,Shipped,6,iPad Pro,tablet,1,1500.0,1500.0
96,2023-08-11,19,4996.0,Shipped,4,Apple Watch,watch,1,499.0,499.0
97,2023-02-20,10,3000.0,Shipped,6,iPad Pro,tablet,2,1500.0,3000.0
98,2023-03-26,17,3000.0,Processing,6,iPad Pro,tablet,2,1500.0,3000.0
99,2023-12-17,13,4500.0,Delivered,6,iPad Pro,tablet,3,1500.0,4500.0
100,2023-12-16,18,6000.0,Shipped,3,Apple Watch Ultra,watch,3,2000.0,6000.0
100,2023-12-16,18,7998.0,Shipped,2,iPhone 16,phone,2,999.0,1998.0
100,2023-12-16,18,12498.0,Shipped,6,iPad Pro,tablet,3,1500.0,4500.0
101,2022-09-06,5,2997.0,Delivered,2,iPhone 16,phone,3,999.0,2997.0
101,2022-09-06,5,6997.0,Delivered,3,Apple Watch Ultra,watch,2,2000.0,4000.0
102,2023-03-29,18,2997.0,Completed,2,iPhone 16,phone,3,999.0,2997.0
102,2023-03-29,18,3496.0,Completed,4,Apple Watch,watch,1,499.0,499.0
102,2023-03-29,18,9496.0,Completed,3,Apple Watch Ultra,watch,3,2000.0,6000.0
103,2023-06-16,6,2000.0,Completed,3,Apple Watch Ultra,watch,1,2000.0,2000.0
103,2023-06-16,6,4997.0,Completed,2,iPhone 16,phone,3,999.0,2997.0
104,2022-02-26,10,2000.0,Delivered,3,Apple Watch Ultra,watch,1,2000.0,2000.0
104,2022-02-26,10,4997.0,Delivered,2,iPhone 16,phone,3,999.0,2997.0
104,2022-02-26,10,5995.0,Delivered,4,Apple Watch,watch,2,499.0,998.0
105,2023-02-06,12,1998.0,Delivered,2,iPhone 16,phone,2,999.0,1998.0
105,2023-02-06,12,7998.0,Delivered,3,Apple Watch Ultra,watch,3,2000.0,6000.0
106,2023-10-12,19,5000.0,Shipped,5,MacBook,laptop,2,2500.0,5000.0
106,2023-10-12,19,7997.0,Shipped,2,iPhone 16,phone,3,999.0,2997.0
106,2023-10-12,19,11997.0,Shipped,3,Apple Watch Ultra,watch,2,2000.0,4000.0
107,2022-06-01,19,2500.0,Processing,5,MacBook,laptop,1,2500.0,2500.0
107,2022-06-01,19,6500.0,Processing,3,Apple Watch Ultra,watch,2,2000.0,4000.0
108,2023-12-20,2,1497.0,Processing,4,Apple Watch,watch,3,499.0,1497.0
108,2023-12-20,2,5497.0,Processing,3,Apple Watch Ultra,watch,2,2000.0,4000.0
108,2023-12-20,2,7495.0,Processing,2,iPhone 16,phone,2,999.0,1998.0
109,2022-03-22,18,4500.0,Completed,6,iPad Pro,tablet,3,1500.0,4500.0
110,2023-10-26,16,499.0,Delivered,4,Apple Watch,watch,1,499.0,499.0
110,2023-10-26,16,6499.0,Delivered,3,Apple Watch Ultra,watch,3,2000.0,6000.0
111,2023-12-12,4,4000.0,Completed,3,Apple Watch Ultra,watch,2,2000.0,4000.0
111,2023-12-12,4,5497.0,Completed,4,Apple Watch,watch,3,499.0,1497.0
112,2022-02-14,16,499.0,Shipped,4,Apple Watch,watch,1,499.0,499.0
113,2023-04-07,3,1497.0,Processing,4,Apple Watch,watch,3,499.0,1497.0
113,2023-04-07,3,3497.0,Processing,3,Apple Watch Ultra,watch,1,2000.0,2000.0
113,2023-04-07,3,8497.0,Processing,5,MacBook,laptop,2,2500.0,5000.0
114,2022-11-19,10,7500.0,Processing,5,MacBook,laptop,3,2500.0,7500.0
115,2023-08-07,17,1500.0,Delivered,6,iPad Pro,tablet,1,1500.0,1500.0
115,2023-08-07,17,4497.0,Delivered,2,iPhone 16,phone,3,999.0,2997.0
116,2023-05-21,3,2997.0,Completed,2,iPhone 16,phone,3,999.0,2997.0
116,2023-05-21,3,7497.0,Completed,6,iPad Pro,tablet,3,1500.0,4500.0
117,2023-03-23,8,2500.0,Delivered,5,MacBook,laptop,1,2500.0,2500.0
118,2023-03-25,7,999.0,Shipped,2,iPhone 16,phone,1,999.0,999.0
119,2023-07-05,3,5000.0,Shipped,5,MacBook,laptop,2,2500.0,5000.0
119,2023-07-05,3,9500.0,Shipped,6,iPad Pro,tablet,3,1500.0,4500.0
119,2023-07-05,3,12497.0,Shipped,2,iPhone 16,phone,3,999.0,2997.0
120,2022-03-26,17,7500.0,Completed,5,MacBook,laptop,3,2500.0,7500.0
120,2022-03-26,17,9498.0,Completed,2,iPhone 16,phone,2,999.0,1998.0
121,2023-04-04,8,3000.0,Shipped,6,iPad Pro,tablet,2,1500.0,3000.0
121,2023-04-04,8,9000.0,Shipped,3,Apple Watch Ultra,watch,3,2000.0,6000.0
121,2023-04-04,8,10497.0,Shipped,4,Apple Watch,watch,3,499.0,1497.0
122,2022-04-06,16,2000.0,Shipped,3,Apple Watch Ultra,watch,1,2000.0,2000.0
122,2022-04-06,16,2499.0,Shipped,4,Apple Watch,watch,1,499.0,499.0
122,2022-04-06,16,3999.0,Shipped,6,iPad Pro,tablet,1,1500.0,1500.0
123,2022-10-26,5,1998.0,Delivered,2,iPhone 16,phone,2,999.0,1998.0
123,2022-10-26,5,5998.0,Delivered,3,Apple Watch Ultra,watch,2,2000.0,4000.0
124,2023-03-14,20,999.0,Completed,2,iPhone 16,phone,1,999.0,999.0
124,2023-03-14,20,3499.0,Completed,5,MacBook,laptop,1,2500.0,2500.0
125,2022-09-07,2,998.0,Processing,4,Apple Watch,watch,2,499.0,998.0
126,2023-10-15,2,499.0,Completed,4,Apple Watch,watch,1,499.0,499.0
127,2022-10-22,9,1500.0,Delivered,6,iPad Pro,tablet,1,1500.0,1500.0
128,2022-11-06,20,4500.0,Completed,6,iPad Pro,tablet,3,1500.0,4500.0
129,2022-10-16,7,1500.0,Completed,6,iPad Pro,tablet,1,1500.0,1500.0
130,2022-05-24,8,2500.0,Shipped,5,MacBook,laptop,1,2500.0,2500.0
130,2022-05-24,8,3499.0,Shipped,2,iPhone 16,phone,1,999.0,999.0
131,2023-03-10,16,499.0,Completed,4,Apple Watch,watch,1,499.0,499.0
131,2023-03-10,16,4499.0,Completed,3,Apple Watch Ultra,watch,2,2000.0,4000.0
132,2022-07-28,11,499.0,Shipped,4,Apple Watch,watch,1,499.0,499.0
132,2022-07-28,11,4499.0,Shipped,3,Apple Watch Ultra,watch,2,2000.0,4000.0
133,2023-04-23,14,499.0,Delivered,4,Apple Watch,watch,1,499.0,499.0
133,2023-04-23,14,7999.0,Delivered,5,MacBook,laptop,3,2500.0,7500.0
133,2023-04-23,14,12499.0,Delivered,6,iPad Pro,tablet,3,1500.0,4500.0
134,2022-04-25,8,6000.0,Processing,3,Apple Watch Ultra,watch,3,2000.0,6000.0
134,2022-04-25,8,6999.0,Processing,2,iPhone 16,phone,1,999.0,999.0
134,2022-04-25,8,11499.0,Processing,6,iPad Pro,tablet,3,1500.0,4500.0
135,2023-06-12,1,7500.0,Delivered,5,MacBook,laptop,3,2500.0,7500.0
135,2023-06-12,1,11500.0,Delivered,3,Apple Watch Ultra,watch,2,2000.0,4000.0
135,2023-06-12,1,13000.0,Delivered,6,iPad Pro,tablet,1,1500.0,1500.0
136,2023-11-14,13,1500.0,Completed,6,iPad Pro,tablet,1,1500.0,1500.0
136,2023-11-14,13,6500.0,Completed,5,MacBook,laptop,2,2500.0,5000.0
137,2023-06-21,3,2500.0,Processing,5,MacBook,laptop,1,2500.0,2500.0
138,2022-01-01,15,999.0,Processing,2,iPhone 16,phone,1,999.0,999.0
139,2022-10-07,16,999.0,Processing,2,iPhone 16,phone,1,999.0,999.0
139,2022-10-07,16,3499.0,Processing,5,MacBook,laptop,1,2500.0,2500.0
140,2022-08-27,17,999.0,Processing,2,iPhone 16,phone,1,999.0,999.0
140,2022-08-27,17,4999.0,Processing,3,Apple Watch Ultra,watch,2,2000.0,4000.0
140,2022-08-27,17,5997.0,Processing,4,Apple Watch,watch,2,499.0,998.0
141,2023-05-29,10,2997.0,Processing,2,iPhone 16,phone,3,999.0,2997.0
141,2023-05-29,10,3995.0,Processing,4,Apple Watch,watch,2,499.0,998.0
142,2022-03-31,5,1497.0,Processing,4,Apple Watch,watch,3,499.0,1497.0
142,2022-03-31,5,3497.0,Processing,3,Apple Watch Ultra,watch,1,2000.0,2000.0
143,2023-09-22,7,998.0,Delivered,4,Apple Watch,watch,2,499.0,998.0
143,2023-09-22,7,2498.0,Delivered,6,iPad Pro,tablet,1,1500.0,1500.0
143,2023-09-22,7,6498.0,Delivered,3,Apple Watch Ultra,watch,2,2000.0,4000.0
144,2023-07-26,18,5000.0,Completed,5,MacBook,laptop,2,2500.0,5000.0
144,2023-07-26,18,6497.0,Completed,4,Apple Watch,watch,3,499.0,1497.0
145,2022-05-27,20,1497.0,Processing,4,Apple Watch,watch,3,499.0,1497.0
145,2022-05-27,20,8997.0,Processing,5,MacBook,laptop,3,2500.0,7500.0
146,2022-05-06,15,2000.0,Completed,3,Apple Watch Ultra,watch,1,2000.0,2000.0
146,2022-05-06,15,3500.0,Completed,6,iPad Pro,tablet,1,1500.0,1500.0
146,2022-05-06,15,6497.0,Completed,2,iPhone 16,phone,3,999.0,2997.0
147,2023-10-03,2,2000.0,Completed,3,Apple Watch Ultra,watch,1,2000.0,2000.0
147,2023-10-03,2,5000.0,Completed,6,iPad Pro,tablet,2,1500.0,3000.0
148,2023-04-01,20,1998.0,Completed,2,iPhone 16,phone,2,999.0,1998.0
149,2022-04-05,4,2997.0,Completed,2,iPhone 16,phone,3,999.0,2997.0
149,2022-04-05,4,6997.0,Completed,3,Apple Watch Ultra,watch,2,2000.0,4000.0
149,2022-04-05,4,11997.0,Completed,5,MacBook,laptop,2,2500.0,5000.0
150,2022-03-16,14,6000.0,Processing,3,Apple Watch Ultra,watch,3,2000.0,6000.0
150,2022-03-16,14,10500.0,Processing,6,iPad Pro,tablet,3,1500.0,4500.0
151,2022-02-15,16,4500.0,Processing,6,iPad Pro,tablet,3,1500.0,4500.0
152,2022-06-04,11,1998.0,Delivered,2,iPhone 16,phone,2,999.0,1998.0
152,2022-06-04,11,2996.0,Delivered,4,Apple Watch,watch,2,499.0,998.0
152,2022-06-04,11,4996.0,Delivered,3,Apple Watch Ultra,watch,1,2000.0,2000.0
153,2022-07-07,18,2000.0,Delivered,3,Apple Watch Ultra,watch,1,2000.0,2000.0
154,2022-02-24,18,499.0,Processing,4,Apple Watch,watch,1,499.0,499.0
155,2022-07-17,3,5000.0,Delivered,5,MacBook,laptop,2,2500.0,5000.0
155,2022-07-17,3,7000.0,Delivered,3,Apple Watch Ultra,watch,1,2000.0,2000.0
155,2022-07-17,3,7999.0,Delivered,2,iPhone 16,phone,1,999.0,999.0
156,2023-12-13,4,2500.0,Processing,5,MacBook,laptop,1,2500.0,2500.0
156,2023-12-13,4,3498.0,Processing,4,Apple Watch,watch,2,499.0,998.0
156,2023-12-13,4,4998.0,Processing,6,iPad Pro,tablet,1,1500.0,1500.0
157,2022-08-23,18,4000.0,Delivered,3,Apple Watch Ultra,watch,2,2000.0,4000.0
157,2022-08-23,18,5500.0,Delivered,6,iPad Pro,tablet,1,1500.0,1500.0
157,2022-08-23,18,5999.0,Delivered,4,Apple Watch,watch,1,499.0,499.0
158,2022-02-16,1,4000.0,Shipped,3,Apple Watch Ultra,watch,2,2000.0,4000.0
158,2022-02-16,1,4999.0,Shipped,2,iPhone 16,phone,1,999.0,999.0
159,2023-09-26,6,2000.0,Shipped,3,Apple Watch Ultra,watch,1,2000.0,2000.0
159,2023-09-26,6,5000.0,Shipped,6,iPad Pro,tablet,2,1500.0,3000.0
159,2023-09-26,6,10000.0,Shipped,5,MacBook,laptop,2,2500.0,5000.0
160,2023-10-04,5,2997.0,Delivered,2,iPhone 16,phone,3,999.0,2997.0
160,2023-10-04,5,5497.0,Delivered,5,MacBook,laptop,1,2500.0,2500.0
160,2023-10-04,5,6495.0,Delivered,4,Apple Watch,watch,2,499.0,998.0
161,2022-09-07,19,5000.0,Completed,5,MacBook,laptop,2,2500.0,5000.0
162,2022-05-09,15,6000.0,Completed,3,Apple Watch Ultra,watch,3,2000.0,6000.0
162,2022-05-09,15,6999.0,Completed,2,iPhone 16,phone,1,999.0,999.0
163,2023-05-08,11,6000.0,Delivered,3,Apple Watch Ultra,watch,3,2000.0,6000.0
164,2023-09-04,5,1497.0,Delivered,4,Apple Watch,watch,3,499.0,1497.0
165,2023-03-16,5,2000.0,Completed,3,Apple Watch Ultra,watch,1,2000.0,2000.0
166,2022-02-13,16,2000.0,Shipped,3,Apple Watch Ultra,watch,1,2000.0,2000.0
166,2022-02-13,16,3998.0,Shipped,2,iPhone 16,phone,2,999.0,1998.0
167,2023-04-28,13,6000.0,Completed,3,Apple Watch Ultra,watch,3,2000.0,6000.0
167,2023-04-28,13,7998.0,Completed,2,iPhone 16,phone,2,999.0,1998.0
167,2023-04-28,13,15498.0,Completed,5,MacBook,laptop,3,2500.0,7500.0
168,2023-04-17,2,1497.0,Completed,4,Apple Watch,watch,3,499.0,1497.0
168,2023-04-17,2,2496.0,Completed,2,iPhone 16,phone,1,999.0,999.0
168,2023-04-17,2,3996.0,Completed,6,iPad Pro,tablet,1,1500.0,1500.0
169,2022-02-09,20,1998.0,Completed,2,iPhone 16,phone,2,999.0,1998.0
169,2022-02-09,20,4998.0,Completed,6,iPad Pro,tablet,2,1500.0,3000.0
170,2022-03-26,7,2500.0,Processing,5,MacBook,laptop,1,2500.0,2500.0
170,2022-03-26,7,8500.0,Processing,3,Apple Watch Ultra,watch,3,2000.0,6000.0
171,2022-05-11,17,4500.0,Processing,6,iPad Pro,tablet,3,1500.0,4500.0
171,2022-05-11,17,12000.0,Processing,5,MacBook,laptop,3,2500.0,7500.0
172,2022-02-04,8,2000.0,Shipped,3,Apple Watch Ultra,watch,1,2000.0,2000.0
172,2022-02-04,8,2998.0,Shipped,4,Apple Watch,watch,2,499.0,998.0
172,2022-02-04,8,5498.0,Shipped,5,MacBook,laptop,1,2500.0,2500.0
173,2023-11-01,5,3000.0,Shipped,6,iPad Pro,tablet,2,1500.0,3000.0
173,2023-11-01,5,10500.0,Shipped,5,MacBook,laptop,3,2500.0,7500.0
174,2023-12-23,17,5000.0,Completed,5,MacBook,laptop,2,2500.0,5000.0
175,2023-09-17,7,1500.0,Shipped,6,iPad Pro,tablet,1,1500.0,1500.0
175,2023-09-17,7,2499.0,Shipped,2,iPhone 16,phone,1,999.0,999.0
176,2022-06-01,1,4000.0,Shipped,3,Apple Watch Ultra,watch,2,2000.0,4000.0
176,2022-06-01,1,4999.0,Shipped,2,iPhone 16,phone,1,999.0,999.0
177,2023-02-15,1,2500.0,Completed,5,MacBook,laptop,1,2500.0,2500.0
177,2023-02-15,1,7000.0,Completed,6,iPad Pro,tablet,3,1500.0,4500.0
177,2023-02-15,1,9997.0,Completed,2,iPhone 16,phone,3,999.0,2997.0
178,2022-02-04,17,1500.0,Completed,6,iPad Pro,tablet,1,1500.0,1500.0
178,2022-02-04,17,2997.0,Completed,4,Apple Watch,watch,3,499.0,1497.0
179,2022-12-17,5,999.0,Shipped,2,iPhone 16,phone,1,999.0,999.0
179,2022-12-17,5,4999.0,Shipped,3,Apple Watch Ultra,watch,2,2000.0,4000.0
179,2022-12-17,5,6496.0,Shipped,4,Apple Watch,watch,3,499.0,1497.0
180,2022-02-02,19,6000.0,Shipped,3,Apple Watch Ultra,watch,3,2000.0,6000.0
180,2022-02-02,19,10500.0,Shipped,6,iPad Pro,tablet,3,1500.0,4500.0
180,2022-02-02,19,15500.0,Shipped,5,MacBook,laptop,2,2500.0,5000.0
181,2022-05-16,7,2500.0,Shipped,5,MacBook,laptop,1,2500.0,2500.0
181,2022-05-16,7,5497.0,Shipped,2,iPhone 16,phone,3,999.0,2997.0
182,2023-10-18,2,1497.0,Shipped,4,Apple Watch,watch,3,499.0,1497.0
182,2023-10-18,2,4497.0,Shipped,6,iPad Pro,tablet,2,1500.0,3000.0
182,2023-10-18,2,8497.0,Shipped,3,Apple Watch Ultra,watch,2,2000.0,4000.0
183,2022-09-09,6,5000.0,Completed,5,MacBook,laptop,2,2500.0,5000.0
183,2022-09-09,6,6497.0,Completed,4,Apple Watch,watch,3,499.0,1497.0
183,2022-09-09,6,12497.0,Completed,3,Apple Watch Ultra,watch,3,2000.0,6000.0
184,2023-04-10,1,998.0,Completed,4,Apple Watch,watch,2,499.0,998.0
184,2023-04-10,1,2996.0,Completed,2,iPhone 16,phone,2,999.0,1998.0
185,2023-01-29,11,6000.0,Processing,3,Apple Watch Ultra,watch,3,2000.0,6000.0
185,2023-01-29,11,11000.0,Processing,5,MacBook,laptop,2,2500.0,5000.0
186,2022-11-28,17,1998.0,Shipped,2,iPhone 16,phone,2,999.0,1998.0
186,2022-11-28,17,4998.0,Shipped,6,iPad Pro,tablet,2,1500.0,3000.0
186,2022-11-28,17,10998.0,Shipped,3,Apple Watch Ultra,watch,3,2000.0,6000.0
187,2022-05-08,2,1998.0,Completed,2,iPhone 16,phone,2,999.0,1998.0
187,2022-05-08,2,3998.0,Completed,3,Apple Watch Ultra,watch,1,2000.0,2000.0
188,2023-05-11,11,2500.0,Shipped,5,MacBook,laptop,1,2500.0,2500.0
188,2023-05-11,11,4000.0,Shipped,6,iPad Pro,tablet,1,1500.0,1500.0
189,2023-12-31,18,2000.0,Completed,3,Apple Watch Ultra,watch,1,2000.0,2000.0
189,2023-12-31,18,9500.0,Completed,5,MacBook,laptop,3,2500.0,7500.0
189,2023-12-31,18,10499.0,Completed,2,iPhone 16,phone,1,999.0,999.0
190,2023-02-23,6,6000.0,Delivered,3,Apple Watch Ultra,watch,3,2000.0,6000.0
190,2023-02-23,6,13500.0,Delivered,5,MacBook,laptop,3,2500.0,7500.0
191,2022-08-19,15,499.0,Completed,4,Apple Watch,watch,1,499.0,499.0
191,2022-08-19,15,1498.0,Completed,2,iPhone 16,phone,1,999.0,999.0
191,2022-08-19,15,8998.0,Completed,5,MacBook,laptop,3,2500.0,7500.0
192,2022-01-25,11,2500.0,Delivered,5,MacBook,laptop,1,2500.0,2500.0
192,2022-01-25,11,4000.0,Delivered,6,iPad Pro,tablet,1,1500.0,1500.0
192,2022-01-25,11,6997.0,Delivered,2,iPhone 16,phone,3,999.0,2997.0
193,2023-08-30,4,999.0,Delivered,2,iPhone 16,phone,1,999.0,999.0
193,2023-08-30,4,1498.0,Delivered,4,Apple Watch,watch,1,499.0,499.0
193,2023-08-30,4,3498.0,Delivered,3,Apple Watch Ultra,watch,1,2000.0,2000.0
194,2022-05-21,5,2997.0,Shipped,2,iPhone 16,phone,3,999.0,2997.0
194,2022-05-21,5,8997.0,Shipped,3,Apple Watch Ultra,watch,3,2000.0,6000.0
194,2022-05-21,5,9995.0,Shipped,4,Apple Watch,watch,2,499.0,998.0
195,2023-05-17,8,3000.0,Shipped,6,iPad Pro,tablet,2,1500.0,3000.0
195,2023-05-17,8,5500.0,Shipped,5,MacBook,laptop,1,2500.0,2500.0
196,2022-02-06,14,4500.0,Shipped,6,iPad Pro,tablet,3,1500.0,4500.0
197,2022-02-10,10,3000.0,Processing,6,iPad Pro,tablet,2,1500.0,3000.0
198,2022-08-02,5,499.0,Completed,4,Apple Watch,watch,1,499.0,499.0
198,2022-08-02,5,2499.0,Completed,3,Apple Watch Ultra,watch,1,2000.0,2000.0
199,2023-11-06,9,499.0,Completed,4,Apple Watch,watch,1,499.0,499.0
199,2023-11-06,9,4999.0,Completed,6,iPad Pro,tablet,3,1500.0,4500.0
200,2023-07-09,7,6000.0,Processing,3,Apple Watch Ultra,watch,3,2000.0,6000.0
200,2023-07-09,7,6998.0,Processing,4,Apple Watch,watch,2,499.0,998.0
200,2023-07-09,7,8498.0,Processing,6,iPad Pro,tablet,1,1500.0,1500.0
201,2023-09-02,2,5000.0,Processing,5,MacBook,laptop,2,2500.0,5000.0
202,2022-10-02,7,4000.0,Shipped,3,Apple Watch Ultra,watch,2,2000.0,4000.0
202,2022-10-02,7,5998.0,Shipped,2,iPhone 16,phone,2,999.0,1998.0
203,2022-10-02,3,4500.0,Completed,6,iPad Pro,tablet,3,1500.0,4500.0
204,2023-03-16,13,2997.0,Completed,2,iPhone 16,phone,3,999.0,2997.0
204,2023-03-16,13,8997.0,Completed,3,Apple Watch Ultra,watch,3,2000.0,6000.0
204,2023-03-16,13,9496.0,Completed,4,Apple Watch,watch,1,499.0,499.0
205,2022-12-21,15,2997.0,Completed,2,iPhone 16,phone,3,999.0,2997.0
205,2022-12-21,15,4997.0,Completed,3,Apple Watch Ultra,watch,1,2000.0,2000.0
206,2023-04-18,20,1998.0,Shipped,2,iPhone 16,phone,2,999.0,1998.0
206,2023-04-18,20,3498.0,Shipped,6,iPad Pro,tablet,1,1500.0,1500.0
206,2023-04-18,20,4496.0,Shipped,4,Apple Watch,watch,2,499.0,998.0
207,2023-07-05,16,1500.0,Processing,6,iPad Pro,tablet,1,1500.0,1500.0
207,2023-07-05,16,2499.0,Processing,2,iPhone 16,phone,1,999.0,999.0
207,2023-07-05,16,4999.0,Processing,5,MacBook,laptop,1,2500.0,2500.0
208,2022-09-23,16,1497.0,Shipped,4,Apple Watch,watch,3,499.0,1497.0
209,2022-11-02,19,2997.0,Delivered,2,iPhone 16,phone,3,999.0,2997.0
209,2022-11-02,19,5997.0,Delivered,6,iPad Pro,tablet,2,1500.0,3000.0
209,2022-11-02,19,7494.0,Delivered,4,Apple Watch,watch,3,499.0,1497.0
210,2023-03-27,4,2000.0,Processing,3,Apple Watch Ultra,watch,1,2000.0,2000.0
210,2023-03-27,4,4997.0,Processing,2,iPhone 16,phone,3,999.0,2997.0
211,2023-09-17,7,999.0,Shipped,2,iPhone 16,phone,1,999.0,999.0
211,2023-09-17,7,3999.0,Shipped,6,iPad Pro,tablet,2,1500.0,3000.0
212,2023-05-12,10,1497.0,Delivered,4,Apple Watch,watch,3,499.0,1497.0
212,2023-05-12,10,3497.0,Delivered,3,Apple Watch Ultra,watch,1,2000.0,2000.0
213,2022-02-05,2,499.0,Processing,4,Apple Watch,watch,1,499.0,499.0
213,2022-02-05,2,2497.0,Processing,2,iPhone 16,phone,2,999.0,1998.0
213,2022-02-05,2,8497.0,Processing,3,Apple Watch Ultra,watch,3,2000.0,6000.0
214,2022-12-17,9,7500.0,Delivered,5,MacBook,laptop,3,2500.0,7500.0
214,2022-12-17,9,8997.0,Delivered,4,Apple Watch,watch,3,499.0,1497.0
215,2023-12-11,3,2997.0,Processing,2,iPhone 16,phone,3,999.0,2997.0
216,2022-11-26,8,2500.0,Shipped,5,MacBook,laptop,1,2500.0,2500.0
217,2022-09-19,2,6000.0,Delivered,3,Apple Watch Ultra,watch,3,2000.0,6000.0
218,2022-01-28,10,6000.0,Shipped,3,Apple Watch Ultra,watch,3,2000.0,6000.0
218,2022-01-28,10,9000.0,Shipped,6,iPad Pro,tablet,2,1500.0,3000.0
219,2023-07-03,13,7500.0,Completed,5,MacBook,laptop,3,2500.0,7500.0
219,2023-07-03,13,10500.0,Completed,6,iPad Pro,tablet,2,1500.0,3000.0
220,2023-07-21,11,5000.0,Shipped,5,MacBook,laptop,2,2500.0,5000.0
220,2023-07-21,11,11000.0,Shipped,3,Apple Watch Ultra,watch,3,2000.0,6000.0
220,2023-07-21,11,12998.0,Shipped,2,iPhone 16,phone,2,999.0,1998.0
221,2023-07-14,11,999.0,Delivered,2,iPhone 16,phone,1,999.0,999.0
221,2023-07-14,11,3499.0,Delivered,5,MacBook,laptop,1,2500.0,2500.0
221,2023-07-14,11,5499.0,Delivered,3,Apple Watch Ultra,watch,1,2000.0,2000.0
222,2023-02-17,18,1500.0,Processing,6,iPad Pro,tablet,1,1500.0,1500.0
223,2022-05-20,2,999.0,Delivered,2,iPhone 16,phone,1,999.0,999.0
224,2022-07-20,7,3000.0,Delivered,6,iPad Pro,tablet,2,1500.0,3000.0
225,2023-12-22,17,4000.0,Delivered,3,Apple Watch Ultra,watch,2,2000.0,4000.0
225,2023-12-22,17,4499.0,Delivered,4,Apple Watch,watch,1,499.0,499.0
225,2023-12-22,17,8999.0,Delivered,6,iPad Pro,tablet,3,1500.0,4500.0
226,2023-11-01,1,1500.0,Shipped,6,iPad Pro,tablet,1,1500.0,1500.0
226,2023-11-01,1,4497.0,Shipped,2,iPhone 16,phone,3,999.0,2997.0
227,2023-08-29,18,1500.0,Delivered,6,iPad Pro,tablet,1,1500.0,1500.0
227,2023-08-29,18,4000.0,Delivered,5,MacBook,laptop,1,2500.0,2500.0
227,2023-08-29,18,4499.0,Delivered,4,Apple Watch,watch,1,499.0,499.0
228,2022-03-17,4,2997.0,Delivered,2,iPhone 16,phone,3,999.0,2997.0
228,2022-03-17,4,3496.0,Delivered,4,Apple Watch,watch,1,499.0,499.0
228,2022-03-17,4,6496.0,Delivered,6,iPad Pro,tablet,2,1500.0,3000.0
229,2023-05-04,5,1500.0,Delivered,6,iPad Pro,tablet,1,1500.0,1500.0
229,2023-05-04,5,2498.0,Delivered,4,Apple Watch,watch,2,499.0,998.0
229,2023-05-04,5,4498.0,Delivered,3,Apple Watch Ultra,watch,1,2000.0,2000.0
230,2023-05-11,15,6000.0,Processing,3,Apple Watch Ultra,watch,3,2000.0,6000.0
231,2022-06-29,7,6000.0,Delivered,3,Apple Watch Ultra,watch,3,2000.0,6000.0
231,2022-06-29,7,10500.0,Delivered,6,iPad Pro,tablet,3,1500.0,4500.0
232,2023-02-11,19,7500.0,Completed,5,MacBook,laptop,3,2500.0,7500.0
232,2023-02-11,19,11500.0,Completed,3,Apple Watch Ultra,watch,2,2000.0,4000.0
233,2023-09-05,3,4000.0,Completed,3,Apple Watch Ultra,watch,2,2000.0,4000.0
234,2023-01-01,6,998.0,Completed,4,Apple Watch,watch,2,499.0,998.0
234,2023-01-01,6,3498.0,Completed,5,MacBook,laptop,1,2500.0,2500.0
235,2022-04-29,3,999.0,Processing,2,iPhone 16,phone,1,999.0,999.0
235,2022-04-29,3,3499.0,Processing,5,MacBook,laptop,1,2500.0,2500.0
235,2022-04-29,3,4497.0,Processing,4,Apple Watch,watch,2,499.0,998.0
236,2022-08-22,4,998.0,Processing,4,Apple Watch,watch,2,499.0,998.0
236,2022-08-22,4,3995.0,Processing,2,iPhone 16,phone,3,999.0,2997.0
236,2022-08-22,4,8495.0,Processing,6,iPad Pro,tablet,3,1500.0,4500.0
237,2022-08-10,4,2997.0,Delivered,2,iPhone 16,phone,3,999.0,2997.0
237,2022-08-10,4,3995.0,Delivered,4,Apple Watch,watch,2,499.0,998.0
237,2022-08-10,4,11495.0,Delivered,5,MacBook,laptop,3,2500.0,7500.0
238,2022-11-29,1,998.0,Shipped,4,Apple Watch,watch,2,499.0,998.0
239,2022-07-04,12,2000.0,Completed,3,Apple Watch Ultra,watch,1,2000.0,2000.0
239,2022-07-04,12,4500.0,Completed,5,MacBook,laptop,1,2500.0,2500.0
239,2022-07-04,12,5498.0,Completed,4,Apple Watch,watch,2,499.0,998.0
240,2023-02-07,9,5000.0,Processing,5,MacBook,laptop,2,2500.0,5000.0
240,2023-02-07,9,6497.0,Processing,4,Apple Watch,watch,3,499.0,1497.0
241,2023-04-22,3,2000.0,Shipped,3,Apple Watch Ultra,watch,1,2000.0,2000.0
241,2023-04-22,3,7000.0,Shipped,5,MacBook,laptop,2,2500.0,5000.0
242,2022-11-10,18,2997.0,Completed,2,iPhone 16,phone,3,999.0,2997.0
242,2022-11-10,18,4497.0,Completed,6,iPad Pro,tablet,1,1500.0,1500.0
242,2022-11-10,18,6497.0,Completed,3,Apple Watch Ultra,watch,1,2000.0,2000.0
243,2022-09-06,7,5000.0,Completed,5,MacBook,laptop,2,2500.0,5000.0
243,2022-09-06,7,5998.0,Completed,4,Apple Watch,watch,2,499.0,998.0
244,2023-06-29,11,4500.0,Completed,6,iPad Pro,tablet,3,1500.0,4500.0
245,2023-10-04,15,1500.0,Shipped,6,iPad Pro,tablet,1,1500.0,1500.0
245,2023-10-04,15,7500.0,Shipped,3,Apple Watch Ultra,watch,3,2000.0,6000.0
245,2023-10-04,15,15000.0,Shipped,5,MacBook,laptop,3,2500.0,7500.0
246,2022-04-16,5,4500.0,Delivered,6,iPad Pro,tablet,3,1500.0,4500.0
247,2022-12-10,6,4500.0,Delivered,6,iPad Pro,tablet,3,1500.0,4500.0
247,2022-12-10,6,6500.0,Delivered,3,Apple Watch Ultra,watch,1,2000.0,2000.0
248,2022-07-05,1,999.0,Shipped,2,iPhone 16,phone,1,999.0,999.0
248,2022-07-05,1,3999.0,Shipped,6,iPad Pro,tablet,2,1500.0,3000.0
248,2022-07-05,1,8999.0,Shipped,5,MacBook,laptop,2,2500.0,5000.0
249,2023-04-19,12,4500.0,Processing,6,iPad Pro,tablet,3,1500.0,4500.0
250,2022-04-29,15,999.0,Shipped,2,iPhone 16,phone,1,999.0,999.0
251,2023-04-02,6,5000.0,Completed,5,MacBook,laptop,2,2500.0,5000.0
251,2023-04-02,6,6497.0,Completed,4,Apple Watch,watch,3,499.0,1497.0
251,2023-04-02,6,9494.0,Completed,2,iPhone 16,phone,3,999.0,2997.0
252,2022-02-19,8,5000.0,Shipped,5,MacBook,laptop,2,2500.0,5000.0
252,2022-02-19,8,5998.0,Shipped,4,Apple Watch,watch,2,499.0,998.0
252,2022-02-19,8,8995.0,Shipped,2,iPhone 16,phone,3,999.0,2997.0
253,2022-03-01,15,5000.0,Delivered,5,MacBook,laptop,2,2500.0,5000.0
253,2022-03-01,15,11000.0,Delivered,3,Apple Watch Ultra,watch,3,2000.0,6000.0
253,2022-03-01,15,12500.0,Delivered,6,iPad Pro,tablet,1,1500.0,1500.0
254,2022-10-09,5,2500.0,Processing,5,MacBook,laptop,1,2500.0,2500.0
254,2022-10-09,5,3498.0,Processing,4,Apple Watch,watch,2,499.0,998.0
254,2022-10-09,5,4497.0,Processing,2,iPhone 16,phone,1,999.0,999.0
255,2022-10-19,13,1500.0,Completed,6,iPad Pro,tablet,1,1500.0,1500.0
256,2023-05-12,16,6000.0,Shipped,3,Apple Watch Ultra,watch,3,2000.0,6000.0
257,2023-06-28,19,4000.0,Processing,3,Apple Watch Ultra,watch,2,2000.0,4000.0
257,2023-06-28,19,5500.0,Processing,6,iPad Pro,tablet,1,1500.0,1500.0
257,2023-06-28,19,6498.0,Processing,4,Apple Watch,watch,2,499.0,998.0
258,2022-07-06,9,999.0,Processing,2,iPhone 16,phone,1,999.0,999.0
258,2022-07-06,9,3499.0,Processing,5,MacBook,laptop,1,2500.0,2500.0
258,2022-07-06,9,4999.0,Processing,6,iPad Pro,tablet,1,1500.0,1500.0
259,2022-05-09,10,4500.0,Shipped,6,iPad Pro,tablet,3,1500.0,4500.0
260,2022-05-24,5,2000.0,Processing,3,Apple Watch Ultra,watch,1,2000.0,2000.0
261,2023-10-07,4,2000.0,Shipped,3,Apple Watch Ultra,watch,1,2000.0,2000.0
261,2023-10-07,4,2999.0,Shipped,2,iPhone 16,phone,1,999.0,999.0
262,2023-06-20,8,2500.0,Delivered,5,MacBook,laptop,1,2500.0,2500.0
262,2023-06-20,8,4498.0,Delivered,2,iPhone 16,phone,2,999.0,1998.0
263,2023-12-12,2,2997.0,Processing,2,iPhone 16,phone,3,999.0,2997.0
263,2023-12-12,2,6997.0,Processing,3,Apple Watch Ultra,watch,2,2000.0,4000.0
263,2023-12-12,2,11497.0,Processing,6,iPad Pro,tablet,3,1500.0,4500.0
264,2022-03-06,11,5000.0,Delivered,5,MacBook,laptop,2,2500.0,5000.0
265,2022-11-14,3,1998.0,Shipped,2,iPhone 16,phone,2,999.0,1998.0
265,2022-11-14,3,4498.0,Shipped,5,MacBook,laptop,1,2500.0,2500.0
266,2022-05-04,9,999.0,Delivered,2,iPhone 16,phone,1,999.0,999.0
267,2022-05-16,11,2000.0,Completed,3,Apple Watch Ultra,watch,1,2000.0,2000.0
268,2022-02-14,13,2500.0,Shipped,5,MacBook,laptop,1,2500.0,2500.0
268,2022-02-14,13,2999.0,Shipped,4,Apple Watch,watch,1,499.0,499.0
269,2023-03-06,19,4000.0,Completed,3,Apple Watch Ultra,watch,2,2000.0,4000.0
269,2023-03-06,19,4998.0,Completed,4,Apple Watch,watch,2,499.0,998.0
270,2023-09-17,3,999.0,Delivered,2,iPhone 16,phone,1,999.0,999.0
270,2023-09-17,3,2496.0,Delivered,4,Apple Watch,watch,3,499.0,1497.0
271,2022-07-06,1,998.0,Completed,4,Apple Watch,watch,2,499.0,998.0
272,2023-12-12,15,6000.0,Completed,3,Apple Watch Ultra,watch,3,2000.0,6000.0
272,2023-12-12,15,6499.0,Completed,4,Apple Watch,watch,1,499.0,499.0
272,2023-12-12,15,13999.0,Completed,5,MacBook,laptop,3,2500.0,7500.0
273,2022-01-14,13,5000.0,Completed,5,MacBook,laptop,2,2500.0,5000.0
274,2022-08-28,15,999.0,Completed,2,iPhone 16,phone,1,999.0,999.0
274,2022-08-28,15,8499.0,Completed,5,MacBook,laptop,3,2500.0,7500.0
275,2023-04-27,14,4500.0,Shipped,6,iPad Pro,tablet,3,1500.0,4500.0
275,2023-04-27,14,4999.0,Shipped,4,Apple Watch,watch,1,499.0,499.0
276,2023-08-15,14,5000.0,Processing,5,MacBook,laptop,2,2500.0,5000.0
276,2023-08-15,14,5999.0,Processing,2,iPhone 16,phone,1,999.0,999.0
277,2022-01-08,9,6000.0,Shipped,3,Apple Watch Ultra,watch,3,2000.0,6000.0
277,2022-01-08,9,10500.0,Shipped,6,iPad Pro,tablet,3,1500.0,4500.0
278,2022-08-10,1,6000.0,Shipped,3,Apple Watch Ultra,watch,3,2000.0,6000.0
278,2022-08-10,1,8500.0,Shipped,5,MacBook,laptop,1,2500.0,2500.0
278,2022-08-10,1,9499.0,Shipped,2,iPhone 16,phone,1,999.0,999.0
279,2022-05-29,1,999.0,Shipped,2,iPhone 16,phone,1,999.0,999.0
279,2022-05-29,1,3499.0,Shipped,5,MacBook,laptop,1,2500.0,2500.0
279,2022-05-29,1,7499.0,Shipped,3,Apple Watch Ultra,watch,2,2000.0,4000.0
280,2023-09-05,14,1500.0,Delivered,6,iPad Pro,tablet,1,1500.0,1500.0
280,2023-09-05,14,2499.0,Delivered,2,iPhone 16,phone,1,999.0,999.0
281,2022-01-13,6,2997.0,Processing,2,iPhone 16,phone,3,999.0,2997.0
281,2022-01-13,6,3496.0,Processing,4,Apple Watch,watch,1,499.0,499.0
282,2023-04-28,13,999.0,Shipped,2,iPhone 16,phone,1,999.0,999.0
283,2022-01-12,10,2000.0,Shipped,3,Apple Watch Ultra,watch,1,2000.0,2000.0
283,2022-01-12,10,2999.0,Shipped,2,iPhone 16,phone,1,999.0,999.0
283,2022-01-12,10,4499.0,Shipped,6,iPad Pro,tablet,1,1500.0,1500.0
284,2022-12-21,8,1998.0,Processing,2,iPhone 16,phone,2,999.0,1998.0
285,2022-01-21,5,998.0,Processing,4,Apple Watch,watch,2,499.0,998.0
285,2022-01-21,5,4998.0,Processing,3,Apple Watch Ultra,watch,2,2000.0,4000.0
285,2022-01-21,5,9998.0,Processing,5,MacBook,laptop,2,2500.0,5000.0
286,2023-03-18,15,1497.0,Completed,4,Apple Watch,watch,3,499.0,1497.0
287,2023-12-01,9,1998.0,Processing,2,iPhone 16,phone,2,999.0,1998.0
288,2022-07-18,13,499.0,Completed,4,Apple Watch,watch,1,499.0,499.0
289,2022-08-23,11,6000.0,Shipped,3,Apple Watch Ultra,watch,3,2000.0,6000.0
290,2022-04-21,10,1497.0,Completed,4,Apple Watch,watch,3,499.0,1497.0
290,2022-04-21,10,2997.0,Completed,6,iPad Pro,tablet,1,1500.0,1500.0
290,2022-04-21,10,7997.0,Completed,5,MacBook,laptop,2,2500.0,5000.0
291,2023-05-10,2,2000.0,Shipped,3,Apple Watch Ultra,watch,1,2000.0,2000.0
291,2023-05-10,2,4997.0,Shipped,2,iPhone 16,phone,3,999.0,2997.0
292,2023-05-24,2,2000.0,Shipped,3,Apple Watch Ultra,watch,1,2000.0,2000.0
292,2023-05-24,2,2499.0,Shipped,4,Apple Watch,watch,1,499.0,499.0
292,2023-05-24,2,9999.0,Shipped,5,MacBook,laptop,3,2500.0,7500.0
293,2023-03-13,8,2000.0,Delivered,3,Apple Watch Ultra,watch,1,2000.0,2000.0
293,2023-03-13,8,2998.0,Delivered,4,Apple Watch,watch,2,499.0,998.0
294,2023-09-17,9,3000.0,Processing,6,iPad Pro,tablet,2,1500.0,3000.0
294,2023-09-17,9,5997.0,Processing,2,iPhone 16,phone,3,999.0,2997.0
294,2023-09-17,9,6496.0,Processing,4,Apple Watch,watch,1,499.0,499.0
295,2022-12-02,16,1500.0,Shipped,6,iPad Pro,tablet,1,1500.0,1500.0
295,2022-12-02,16,4000.0,Shipped,5,MacBook,laptop,1,2500.0,2500.0
295,2022-12-02,16,5497.0,Shipped,4,Apple Watch,watch,3,499.0,1497.0
296,2022-07-15,4,1500.0,Completed,6,iPad Pro,tablet,1,1500.0,1500.0
297,2023-08-21,12,999.0,Shipped,2,iPhone 16,phone,1,999.0,999.0
298,2022-07-04,1,998.0,Shipped,4,Apple Watch,watch,2,499.0,998.0
299,2023-08-16,16,2500.0,Processing,5,MacBook,laptop,1,2500.0,2500.0
299,2023-08-16,16,4000.0,Processing,6,iPad Pro,tablet,1,1500.0,1500.0
299,2023-08-16,16,5998.0,Processing,2,iPhone 16,phone,2,999.0,1998.0
300,2023-06-18,17,5000.0,Delivered,5,MacBook,laptop,2,2500.0,5000.0
300,2023-06-18,17,11000.0,Delivered,3,Apple Watch Ultra,watch,3,2000.0,6000.0
300,2023-06-18,17,12998.0,Delivered,2,iPhone 16,phone,2,999.0,1998.0
301,2023-01-29,19,2000.0,Completed,3,Apple Watch Ultra,watch,1,2000.0,2000.0
301,2023-01-29,19,3998.0,Completed,2,iPhone 16,phone,2,999.0,1998.0
302,2022-01-20,19,6000.0,Delivered,3,Apple Watch Ultra,watch,3,2000.0,6000.0
302,2022-01-20,19,6499.0,Delivered,4,Apple Watch,watch,1,499.0,499.0
302,2022-01-20,19,8497.0,Delivered,2,iPhone 16,phone,2,999.0,1998.0
303,2022-04-17,10,2997.0,Shipped,2,iPhone 16,phone,3,999.0,2997.0
304,2022-04-02,9,3000.0,Delivered,6,iPad Pro,tablet,2,1500.0,3000.0
305,2023-01-31,16,1998.0,Shipped,2,iPhone 16,phone,2,999.0,1998.0
305,2023-01-31,16,9498.0,Shipped,5,MacBook,laptop,3,2500.0,7500.0
305,2023-01-31,16,11498.0,Shipped,3,Apple Watch Ultra,watch,1,2000.0,2000.0
306,2023-03-19,17,499.0,Delivered,4,Apple Watch,watch,1,499.0,499.0
307,2022-05-23,9,6000.0,Completed,3,Apple Watch Ultra,watch,3,2000.0,6000.0
307,2022-05-23,9,7500.0,Completed,6,iPad Pro,tablet,1,1500.0,1500.0
308,2022-04-02,3,4500.0,Processing,6,iPad Pro,tablet,3,1500.0,4500.0
308,2022-04-02,3,12000.0,Processing,5,MacBook,laptop,3,2500.0,7500.0
308,2022-04-02,3,12998.0,Processing,4,Apple Watch,watch,2,499.0,998.0
309,2023-03-08,1,2997.0,Delivered,2,iPhone 16,phone,3,999.0,2997.0
309,2023-03-08,1,4497.0,Delivered,6,iPad Pro,tablet,1,1500.0,1500.0
310,2022-07-06,20,1500.0,Completed,6,iPad Pro,tablet,1,1500.0,1500.0
310,2022-07-06,20,2499.0,Completed,2,iPhone 16,phone,1,999.0,999.0
311,2023-04-24,15,2000.0,Delivered,3,Apple Watch Ultra,watch,1,2000.0,2000.0
312,2022-02-25,9,1500.0,Delivered,6,iPad Pro,tablet,1,1500.0,1500.0
312,2022-02-25,9,7500.0,Delivered,3,Apple Watch Ultra,watch,3,2000.0,6000.0
312,2022-02-25,9,8499.0,Delivered,2,iPhone 16,phone,1,999.0,999.0
313,2023-05-07,20,499.0,Delivered,4,Apple Watch,watch,1,499.0,499.0
314,2022-06-05,19,1497.0,Delivered,4,Apple Watch,watch,3,499.0,1497.0
314,2022-06-05,19,7497.0,Delivered,3,Apple Watch Ultra,watch,3,2000.0,6000.0
315,2022-05-17,6,2997.0,Delivered,2,iPhone 16,phone,3,999.0,2997.0
316,2023-03-09,12,499.0,Shipped,4,Apple Watch,watch,1,499.0,499.0
316,2023-03-09,12,6499.0,Shipped,3,Apple Watch Ultra,watch,3,2000.0,6000.0
316,2023-03-09,12,8999.0,Shipped,5,MacBook,laptop,1,2500.0,2500.0
317,2023-02-09,17,2000.0,Processing,3,Apple Watch Ultra,watch,1,2000.0,2000.0
318,2023-02-03,6,2500.0,Shipped,5,MacBook,laptop,1,2500.0,2500.0
318,2023-02-03,6,5497.0,Shipped,2,iPhone 16,phone,3,999.0,2997.0
319,2022-01-25,8,6000.0,Processing,3,Apple Watch Ultra,watch,3,2000.0,6000.0
319,2022-01-25,8,6998.0,Processing,4,Apple Watch,watch,2,499.0,998.0
320,2023-06-19,20,1998.0,Delivered,2,iPhone 16,phone,2,999.0,1998.0
321,2023-02-27,14,1500.0,Completed,6,iPad Pro,tablet,1,1500.0,1500.0
322,2022-10-20,20,998.0,Delivered,4,Apple Watch,watch,2,499.0,998.0
322,2022-10-20,20,3998.0,Delivered,6,iPad Pro,tablet,2,1500.0,3000.0
323,2023-11-23,14,499.0,Delivered,4,Apple Watch,watch,1,499.0,499.0
323,2023-11-23,14,3496.0,Delivered,2,iPhone 16,phone,3,999.0,2997.0
324,2023-11-02,12,1500.0,Completed,6,iPad Pro,tablet,1,1500.0,1500.0
324,2023-11-02,12,5500.0,Completed,3,Apple Watch Ultra,watch,2,2000.0,4000.0
325,2022-10-27,5,7500.0,Delivered,5,MacBook,laptop,3,2500.0,7500.0
325,2022-10-27,5,13500.0,Delivered,3,Apple Watch Ultra,watch,3,2000.0,6000.0
325,2022-10-27,5,18000.0,Delivered,6,iPad Pro,tablet,3,1500.0,4500.0
326,2023-06-29,13,3000.0,Delivered,6,iPad Pro,tablet,2,1500.0,3000.0
327,2023-06-04,19,2000.0,Processing,3,Apple Watch Ultra,watch,1,2000.0,2000.0
328,2023-11-27,1,1500.0,Delivered,6,iPad Pro,tablet,1,1500.0,1500.0
328,2023-11-27,1,1999.0,Delivered,4,Apple Watch,watch,1,499.0,499.0
328,2023-11-27,1,9499.0,Delivered,5,MacBook,laptop,3,2500.0,7500.0
329,2022-07-29,5,5000.0,Delivered,5,MacBook,laptop,2,2500.0,5000.0
329,2022-07-29,5,6998.0,Delivered,2,iPhone 16,phone,2,999.0,1998.0
330,2023-04-28,8,6000.0,Delivered,3,Apple Watch Ultra,watch,3,2000.0,6000.0
331,2022-10-05,4,5000.0,Delivered,5,MacBook,laptop,2,2500.0,5000.0
331,2022-10-05,4,9500.0,Delivered,6,iPad Pro,tablet,3,1500.0,4500.0
332,2022-02-08,7,6000.0,Completed,3,Apple Watch Ultra,watch,3,2000.0,6000.0
332,2022-02-08,7,8500.0,Completed,5,MacBook,laptop,1,2500.0,2500.0
332,2022-02-08,7,11500.0,Completed,6,iPad Pro,tablet,2,1500.0,3000.0
333,2022-05-26,1,4500.0,Processing,6,iPad Pro,tablet,3,1500.0,4500.0
333,2022-05-26,1,5997.0,Processing,4,Apple Watch,watch,3,499.0,1497.0
334,2023-10-26,14,1500.0,Shipped,6,iPad Pro,tablet,1,1500.0,1500.0
334,2023-10-26,14,4000.0,Shipped,5,MacBook,laptop,1,2500.0,2500.0
335,2022-03-02,6,7500.0,Shipped,5,MacBook,laptop,3,2500.0,7500.0
335,2022-03-02,6,9000.0,Shipped,6,iPad Pro,tablet,1,1500.0,1500.0
336,2023-07-09,9,3000.0,Completed,6,iPad Pro,tablet,2,1500.0,3000.0
336,2023-07-09,9,3998.0,Completed,4,Apple Watch,watch,2,499.0,998.0
337,2023-11-04,3,1500.0,Completed,6,iPad Pro,tablet,1,1500.0,1500.0
338,2022-05-05,5,7500.0,Delivered,5,MacBook,laptop,3,2500.0,7500.0
338,2022-05-05,5,8498.0,Delivered,4,Apple Watch,watch,2,499.0,998.0
338,2022-05-05,5,12498.0,Delivered,3,Apple Watch Ultra,watch,2,2000.0,4000.0
339,2023-01-19,7,499.0,Completed,4,Apple Watch,watch,1,499.0,499.0
339,2023-01-19,7,5499.0,Completed,5,MacBook,laptop,2,2500.0,5000.0
340,2022-06-01,10,1500.0,Shipped,6,iPad Pro,tablet,1,1500.0,1500.0
341,2023-12-27,2,3000.0,Processing,6,iPad Pro,tablet,2,1500.0,3000.0
342,2023-09-07,16,2000.0,Shipped,3,Apple Watch Ultra,watch,1,2000.0,2000.0
342,2023-09-07,16,6500.0,Shipped,6,iPad Pro,tablet,3,1500.0,4500.0
342,2023-09-07,16,6999.0,Shipped,4,Apple Watch,watch,1,499.0,499.0
343,2023-11-24,11,998.0,Completed,4,Apple Watch,watch,2,499.0,998.0
344,2023-05-15,17,6000.0,Delivered,3,Apple Watch Ultra,watch,3,2000.0,6000.0
345,2022-03-04,3,998.0,Delivered,4,Apple Watch,watch,2,499.0,998.0
345,2022-03-04,3,3998.0,Delivered,6,iPad Pro,tablet,2,1500.0,3000.0
346,2022-01-03,3,1998.0,Delivered,2,iPhone 16,phone,2,999.0,1998.0
346,2022-01-03,3,4498.0,Delivered,5,MacBook,laptop,1,2500.0,2500.0
347,2023-11-10,12,998.0,Processing,4,Apple Watch,watch,2,499.0,998.0
347,2023-11-10,12,5498.0,Processing,6,iPad Pro,tablet,3,1500.0,4500.0
348,2023-05-16,4,5000.0,Delivered,5,MacBook,laptop,2,2500.0,5000.0
349,2023-11-18,9,2500.0,Completed,5,MacBook,laptop,1,2500.0,2500.0
350,2022-02-03,8,998.0,Delivered,4,Apple Watch,watch,2,499.0,998.0
350,2022-02-03,8,4998.0,Delivered,3,Apple Watch Ultra,watch,2,2000.0,4000.0
350,2022-02-03,8,7998.0,Delivered,6,iPad Pro,tablet,2,1500.0,3000.0
351,2022-08-20,7,2000.0,Shipped,3,Apple Watch Ultra,watch,1,2000.0,2000.0
352,2023-09-22,13,7500.0,Completed,5,MacBook,laptop,3,2500.0,7500.0
353,2022-04-20,8,499.0,Shipped,4,Apple Watch,watch,1,499.0,499.0
354,2023-08-23,2,5000.0,Completed,5,MacBook,laptop,2,2500.0,5000.0
354,2023-08-23,2,6500.0,Completed,6,iPad Pro,tablet,1,1500.0,1500.0
354,2023-08-23,2,12500.0,Completed,3,Apple Watch Ultra,watch,3,2000.0,6000.0
355,2022-12-08,12,1500.0,Delivered,6,iPad Pro,tablet,1,1500.0,1500.0
355,2022-12-08,12,3500.0,Delivered,3,Apple Watch Ultra,watch,1,2000.0,2000.0
356,2023-01-28,16,998.0,Completed,4,Apple Watch,watch,2,499.0,998.0
356,2023-01-28,16,5998.0,Completed,5,MacBook,laptop,2,2500.0,5000.0
357,2023-09-02,3,3000.0,Completed,6,iPad Pro,tablet,2,1500.0,3000.0
357,2023-09-02,3,3999.0,Completed,2,iPhone 16,phone,1,999.0,999.0
358,2023-12-14,6,3000.0,Completed,6,iPad Pro,tablet,2,1500.0,3000.0
358,2023-12-14,6,4998.0,Completed,2,iPhone 16,phone,2,999.0,1998.0
358,2023-12-14,6,5996.0,Completed,4,Apple Watch,watch,2,499.0,998.0
359,2023-06-27,5,4500.0,Delivered,6,iPad Pro,tablet,3,1500.0,4500.0
359,2023-06-27,5,12000.0,Delivered,5,MacBook,laptop,3,2500.0,7500.0
360,2022-04-05,12,999.0,Shipped,2,iPhone 16,phone,1,999.0,999.0
360,2022-04-05,12,4999.0,Shipped,3,Apple Watch Ultra,watch,2,2000.0,4000.0
360,2022-04-05,12,12499.0,Shipped,5,MacBook,laptop,3,2500.0,7500.0
361,2023-08-26,5,1500.0,Processing,6,iPad Pro,tablet,1,1500.0,1500.0
361,2023-08-26,5,3500.0,Processing,3,Apple Watch Ultra,watch,1,2000.0,2000.0
362,2023-03-01,7,6000.0,Shipped,3,Apple Watch Ultra,watch,3,2000.0,6000.0
362,2023-03-01,7,10500.0,Shipped,6,iPad Pro,tablet,3,1500.0,4500.0
363,2022-03-02,17,4000.0,Processing,3,Apple Watch Ultra,watch,2,2000.0,4000.0
363,2022-03-02,17,4999.0,Processing,2,iPhone 16,phone,1,999.0,999.0
364,2023-11-12,2,2997.0,Delivered,2,iPhone 16,phone,3,999.0,2997.0
364,2023-11-12,2,4494.0,Delivered,4,Apple Watch,watch,3,499.0,1497.0
364,2023-11-12,2,5994.0,Delivered,6,iPad Pro,tablet,1,1500.0,1500.0
365,2023-04-05,19,1998.0,Shipped,2,iPhone 16,phone,2,999.0,1998.0
366,2023-07-11,2,2500.0,Shipped,5,MacBook,laptop,1,2500.0,2500.0
367,2023-02-19,16,1998.0,Shipped,2,iPhone 16,phone,2,999.0,1998.0
367,2023-02-19,16,4498.0,Shipped,5,MacBook,laptop,1,2500.0,2500.0
367,2023-02-19,16,5995.0,Shipped,4,Apple Watch,watch,3,499.0,1497.0
368,2022-03-29,15,998.0,Completed,4,Apple Watch,watch,2,499.0,998.0
369,2023-07-03,10,499.0,Completed,4,Apple Watch,watch,1,499.0,499.0
369,2023-07-03,10,3499.0,Completed,6,iPad Pro,tablet,2,1500.0,3000.0
369,2023-07-03,10,6496.0,Completed,2,iPhone 16,phone,3,999.0,2997.0
370,2022-04-12,3,1500.0,Processing,6,iPad Pro,tablet,1,1500.0,1500.0
370,2022-04-12,3,6500.0,Processing,5,MacBook,laptop,2,2500.0,5000.0
371,2022-06-21,1,3000.0,Delivered,6,iPad Pro,tablet,2,1500.0,3000.0
372,2023-03-25,17,1497.0,Delivered,4,Apple Watch,watch,3,499.0,1497.0
372,2023-03-25,17,4494.0,Delivered,2,iPhone 16,phone,3,999.0,2997.0
372,2023-03-25,17,9494.0,Delivered,5,MacBook,laptop,2,2500.0,5000.0
373,2022-12-12,6,999.0,Delivered,2,iPhone 16,phone,1,999.0,999.0
374,2023-12-19,7,5000.0,Delivered,5,MacBook,laptop,2,2500.0,5000.0
374,2023-12-19,7,9000.0,Delivered,3,Apple Watch Ultra,watch,2,2000.0,4000.0
375,2023-03-12,7,2500.0,Processing,5,MacBook,laptop,1,2500.0,2500.0
376,2022-06-21,17,2500.0,Completed,5,MacBook,laptop,1,2500.0,2500.0
377,2022-12-30,11,6000.0,Completed,3,Apple Watch Ultra,watch,3,2000.0,6000.0
378,2023-08-15,6,2000.0,Shipped,3,Apple Watch Ultra,watch,1,2000.0,2000.0
378,2023-08-15,6,3497.0,Shipped,4,Apple Watch,watch,3,499.0,1497.0
378,2023-08-15,6,7997.0,Shipped,6,iPad Pro,tablet,3,1500.0,4500.0
379,2023-11-02,19,2000.0,Delivered,3,Apple Watch Ultra,watch,1,2000.0,2000.0
379,2023-11-02,19,4500.0,Delivered,5,MacBook,laptop,1,2500.0,2500.0
380,2022-02-04,2,2997.0,Processing,2,iPhone 16,phone,3,999.0,2997.0
381,2023-02-25,7,5000.0,Delivered,5,MacBook,laptop,2,2500.0,5000.0
382,2022-11-21,12,3000.0,Processing,6,iPad Pro,tablet,2,1500.0,3000.0
383,2022-01-01,16,1497.0,Processing,4,Apple Watch,watch,3,499.0,1497.0
384,2023-01-21,4,2500.0,Delivered,5,MacBook,laptop,1,2500.0,2500.0
384,2023-01-21,4,4000.0,Delivered,6,iPad Pro,tablet,1,1500.0,1500.0
384,2023-01-21,4,4998.0,Delivered,4,Apple Watch,watch,2,499.0,998.0
385,2022-01-23,20,4000.0,Processing,3,Apple Watch Ultra,watch,2,2000.0,4000.0
385,2022-01-23,20,6500.0,Processing,5,MacBook,laptop,1,2500.0,2500.0
386,2022-06-24,3,1500.0,Processing,6,iPad Pro,tablet,1,1500.0,1500.0
387,2022-11-25,11,1998.0,Delivered,2,iPhone 16,phone,2,999.0,1998.0
387,2022-11-25,11,3495.0,Delivered,4,Apple Watch,watch,3,499.0,1497.0
388,2023-04-28,18,4000.0,Shipped,3,Apple Watch Ultra,watch,2,2000.0,4000.0
388,2023-04-28,18,6500.0,Shipped,5,MacBook,laptop,1,2500.0,2500.0
389,2023-12-12,19,2997.0,Processing,2,iPhone 16,phone,3,999.0,2997.0
389,2023-12-12,19,8997.0,Processing,3,Apple Watch Ultra,watch,3,2000.0,6000.0
389,2023-12-12,19,9995.0,Processing,4,Apple Watch,watch,2,499.0,998.0
390,2022-03-03,2,6000.0,Delivered,3,Apple Watch Ultra,watch,3,2000.0,6000.0
390,2022-03-03,2,9000.0,Delivered,6,iPad Pro,tablet,2,1500.0,3000.0
391,2022-02-05,9,7500.0,Delivered,5,MacBook,laptop,3,2500.0,7500.0
392,2022-04-28,4,6000.0,Delivered,3,Apple Watch Ultra,watch,3,2000.0,6000.0
392,2022-04-28,4,9000.0,Delivered,6,iPad Pro,tablet,2,1500.0,3000.0
392,2022-04-28,4,16500.0,Delivered,5,MacBook,laptop,3,2500.0,7500.0
393,2023-01-02,10,2997.0,Completed,2,iPhone 16,phone,3,999.0,2997.0
393,2023-01-02,10,3995.0,Completed,4,Apple Watch,watch,2,499.0,998.0
393,2023-01-02,10,6495.0,Completed,5,MacBook,laptop,1,2500.0,2500.0
394,2023-08-19,11,3000.0,Completed,6,iPad Pro,tablet,2,1500.0,3000.0
394,2023-08-19,11,10500.0,Completed,5,MacBook,laptop,3,2500.0,7500.0
394,2023-08-19,11,12498.0,Completed,2,iPhone 16,phone,2,999.0,1998.0
395,2023-08-25,20,2500.0,Delivered,5,MacBook,laptop,1,2500.0,2500.0
395,2023-08-25,20,4000.0,Delivered,6,iPad Pro,tablet,1,1500.0,1500.0
395,2023-08-25,20,10000.0,Delivered,3,Apple Watch Ultra,watch,3,2000.0,6000.0
396,2023-05-23,10,499.0,Shipped,4,Apple Watch,watch,1,499.0,499.0
397,2022-09-01,4,1500.0,Delivered,6,iPad Pro,tablet,1,1500.0,1500.0
397,2022-09-01,4,5500.0,Delivered,3,Apple Watch Ultra,watch,2,2000.0,4000.0
398,2022-05-07,19,499.0,Shipped,4,Apple Watch,watch,1,499.0,499.0
398,2022-05-07,19,2497.0,Shipped,2,iPhone 16,phone,2,999.0,1998.0
398,2022-05-07,19,4497.0,Shipped,3,Apple Watch Ultra,watch,1,2000.0,2000.0
399,2023-07-15,15,4500.0,Processing,6,iPad Pro,tablet,3,1500.0,4500.0
400,2022-10-11,12,1497.0,Processing,4,Apple Watch,watch,3,499.0,1497.0
400,2022-10-11,12,6497.0,Processing,5,MacBook,laptop,2,2500.0,5000.0
401,2022-07-30,20,1998.0,Completed,2,iPhone 16,phone,2,999.0,1998.0
401,2022-07-30,20,4498.0,Completed,5,MacBook,laptop,1,2500.0,2500.0
401,2022-07-30,20,10498.0,Completed,3,Apple Watch Ultra,watch,3,2000.0,6000.0
402,2023-12-28,3,2500.0,Processing,5,MacBook,laptop,1,2500.0,2500.0
402,2023-12-28,3,4498.0,Processing,2,iPhone 16,phone,2,999.0,1998.0
403,2023-09-19,8,3000.0,Shipped,6,iPad Pro,tablet,2,1500.0,3000.0
403,2023-09-19,8,3499.0,Shipped,4,Apple Watch,watch,1,499.0,499.0
403,2023-09-19,8,4498.0,Shipped,2,iPhone 16,phone,1,999.0,999.0
404,2023-12-13,7,7500.0,Completed,5,MacBook,laptop,3,2500.0,7500.0
404,2023-12-13,7,9498.0,Completed,2,iPhone 16,phone,2,999.0,1998.0
405,2022-11-20,19,5000.0,Delivered,5,MacBook,laptop,2,2500.0,5000.0
405,2022-11-20,19,7997.0,Delivered,2,iPhone 16,phone,3,999.0,2997.0
405,2022-11-20,19,8995.0,Delivered,4,Apple Watch,watch,2,499.0,998.0
406,2023-07-24,6,1497.0,Delivered,4,Apple Watch,watch,3,499.0,1497.0
406,2023-07-24,6,4497.0,Delivered,6,iPad Pro,tablet,2,1500.0,3000.0
406,2023-07-24,6,11997.0,Delivered,5,MacBook,laptop,3,2500.0,7500.0
407,2023-07-21,11,1497.0,Processing,4,Apple Watch,watch,3,499.0,1497.0
407,2023-07-21,11,6497.0,Processing,5,MacBook,laptop,2,2500.0,5000.0
407,2023-07-21,11,7997.0,Processing,6,iPad Pro,tablet,1,1500.0,1500.0
408,2022-06-18,16,6000.0,Completed,3,Apple Watch Ultra,watch,3,2000.0,6000.0
408,2022-06-18,16,13500.0,Completed,5,MacBook,laptop,3,2500.0,7500.0
409,2023-07-10,20,3000.0,Delivered,6,iPad Pro,tablet,2,1500.0,3000.0
410,2022-02-17,14,2500.0,Shipped,5,MacBook,laptop,1,2500.0,2500.0
410,2022-02-17,14,3498.0,Shipped,4,Apple Watch,watch,2,499.0,998.0
411,2022-12-20,3,2997.0,Delivered,2,iPhone 16,phone,3,999.0,2997.0
411,2022-12-20,3,3995.0,Delivered,4,Apple Watch,watch,2,499.0,998.0
411,2022-12-20,3,8495.0,Delivered,6,iPad Pro,tablet,3,1500.0,4500.0
412,2023-09-25,13,4000.0,Shipped,3,Apple Watch Ultra,watch,2,2000.0,4000.0
412,2023-09-25,13,6500.0,Shipped,5,MacBook,laptop,1,2500.0,2500.0
413,2022-04-10,1,999.0,Shipped,2,iPhone 16,phone,1,999.0,999.0
413,2022-04-10,1,1498.0,Shipped,4,Apple Watch,watch,1,499.0,499.0
414,2023-12-19,4,3000.0,Shipped,6,iPad Pro,tablet,2,1500.0,3000.0
415,2022-11-20,19,7500.0,Shipped,5,MacBook,laptop,3,2500.0,7500.0
415,2022-11-20,19,8997.0,Shipped,4,Apple Watch,watch,3,499.0,1497.0
415,2022-11-20,19,11997.0,Shipped,6,iPad Pro,tablet,2,1500.0,3000.0
416,2023-05-27,8,5000.0,Completed,5,MacBook,laptop,2,2500.0,5000.0
416,2023-05-27,8,5499.0,Completed,4,Apple Watch,watch,1,499.0,499.0
416,2023-05-27,8,9499.0,Completed,3,Apple Watch Ultra,watch,2,2000.0,4000.0
417,2022-03-04,15,5000.0,Shipped,5,MacBook,laptop,2,2500.0,5000.0
418,2022-04-09,19,999.0,Shipped,2,iPhone 16,phone,1,999.0,999.0
418,2022-04-09,19,8499.0,Shipped,5,MacBook,laptop,3,2500.0,7500.0
419,2022-06-13,13,2500.0,Completed,5,MacBook,laptop,1,2500.0,2500.0
419,2022-06-13,13,3498.0,Completed,4,Apple Watch,watch,2,499.0,998.0
419,2022-06-13,13,5498.0,Completed,3,Apple Watch Ultra,watch,1,2000.0,2000.0
420,2022-12-01,14,999.0,Completed,2,iPhone 16,phone,1,999.0,999.0
420,2022-12-01,14,3499.0,Completed,5,MacBook,laptop,1,2500.0,2500.0
421,2023-12-31,4,1998.0,Shipped,2,iPhone 16,phone,2,999.0,1998.0
422,2022-04-05,5,3000.0,Shipped,6,iPad Pro,tablet,2,1500.0,3000.0
422,2022-04-05,5,8000.0,Shipped,5,MacBook,laptop,2,2500.0,5000.0
422,2022-04-05,5,8499.0,Shipped,4,Apple Watch,watch,1,499.0,499.0
423,2023-03-27,19,1500.0,Delivered,6,iPad Pro,tablet,1,1500.0,1500.0
423,2023-03-27,19,4497.0,Delivered,2,iPhone 16,phone,3,999.0,2997.0
423,2023-03-27,19,10497.0,Delivered,3,Apple Watch Ultra,watch,3,2000.0,6000.0
424,2023-05-02,14,1500.0,Shipped,6,iPad Pro,tablet,1,1500.0,1500.0
425,2022-09-22,10,499.0,Completed,4,Apple Watch,watch,1,499.0,499.0
426,2023-09-28,18,999.0,Processing,2,iPhone 16,phone,1,999.0,999.0
427,2023-01-14,7,2997.0,Shipped,2,iPhone 16,phone,3,999.0,2997.0
428,2023-03-16,14,1998.0,Shipped,2,iPhone 16,phone,2,999.0,1998.0
428,2023-03-16,14,7998.0,Shipped,3,Apple Watch Ultra,watch,3,2000.0,6000.0
429,2023-04-16,5,2500.0,Completed,5,MacBook,laptop,1,2500.0,2500.0
430,2022-07-05,13,499.0,Completed,4,Apple Watch,watch,1,499.0,499.0
430,2022-07-05,13,3499.0,Completed,6,iPad Pro,tablet,2,1500.0,3000.0
430,2022-07-05,13,10999.0,Completed,5,MacBook,laptop,3,2500.0,7500.0
431,2022-03-26,11,1998.0,Shipped,2,iPhone 16,phone,2,999.0,1998.0
431,2022-03-26,11,7998.0,Shipped,3,Apple Watch Ultra,watch,3,2000.0,6000.0
431,2022-03-26,11,8497.0,Shipped,4,Apple Watch,watch,1,499.0,499.0
432,2023-08-29,18,5000.0,Delivered,5,MacBook,laptop,2,2500.0,5000.0
432,2023-08-29,18,5999.0,Delivered,2,iPhone 16,phone,1,999.0,999.0
432,2023-08-29,18,8999.0,Delivered,6,iPad Pro,tablet,2,1500.0,3000.0
433,2023-06-17,11,2000.0,Completed,3,Apple Watch Ultra,watch,1,2000.0,2000.0
433,2023-06-17,11,6500.0,Completed,6,iPad Pro,tablet,3,1500.0,4500.0
433,2023-06-17,11,8498.0,Completed,2,iPhone 16,phone,2,999.0,1998.0
434,2022-02-14,2,4000.0,Delivered,3,Apple Watch Ultra,watch,2,2000.0,4000.0
434,2022-02-14,2,6500.0,Delivered,5,MacBook,laptop,1,2500.0,2500.0
434,2022-02-14,2,7499.0,Delivered,2,iPhone 16,phone,1,999.0,999.0
435,2022-03-15,11,4000.0,Delivered,3,Apple Watch Ultra,watch,2,2000.0,4000.0
435,2022-03-15,11,4998.0,Delivered,4,Apple Watch,watch,2,499.0,998.0
436,2023-04-13,19,2997.0,Shipped,2,iPhone 16,phone,3,999.0,2997.0
437,2022-02-17,13,7500.0,Completed,5,MacBook,laptop,3,2500.0,7500.0
437,2022-02-17,13,9000.0,Completed,6,iPad Pro,tablet,1,1500.0,1500.0
437,2022-02-17,13,10998.0,Completed,2,iPhone 16,phone,2,999.0,1998.0
438,2023-12-21,13,2997.0,Processing,2,iPhone 16,phone,3,999.0,2997.0
439,2022-07-23,3,2000.0,Delivered,3,Apple Watch Ultra,watch,1,2000.0,2000.0
439,2022-07-23,3,7000.0,Delivered,5,MacBook,laptop,2,2500.0,5000.0
440,2022-05-10,10,2000.0,Delivered,3,Apple Watch Ultra,watch,1,2000.0,2000.0
440,2022-05-10,10,5000.0,Delivered,6,iPad Pro,tablet,2,1500.0,3000.0
441,2022-07-15,1,3000.0,Processing,6,iPad Pro,tablet,2,1500.0,3000.0
441,2022-07-15,1,4497.0,Processing,4,Apple Watch,watch,3,499.0,1497.0
442,2023-07-29,1,4500.0,Completed,6,iPad Pro,tablet,3,1500.0,4500.0
442,2023-07-29,1,5499.0,Completed,2,iPhone 16,phone,1,999.0,999.0
442,2023-07-29,1,6996.0,Completed,4,Apple Watch,watch,3,499.0,1497.0
443,2023-11-26,2,7500.0,Delivered,5,MacBook,laptop,3,2500.0,7500.0
443,2023-11-26,2,10497.0,Delivered,2,iPhone 16,phone,3,999.0,2997.0
444,2023-01-15,5,999.0,Delivered,2,iPhone 16,phone,1,999.0,999.0
445,2023-01-14,14,4000.0,Shipped,3,Apple Watch Ultra,watch,2,2000.0,4000.0
446,2022-02-02,18,1497.0,Processing,4,Apple Watch,watch,3,499.0,1497.0
447,2022-11-01,4,5000.0,Delivered,5,MacBook,laptop,2,2500.0,5000.0
448,2022-03-23,12,2997.0,Delivered,2,iPhone 16,phone,3,999.0,2997.0
448,2022-03-23,12,3995.0,Delivered,4,Apple Watch,watch,2,499.0,998.0
449,2023-09-16,8,2000.0,Shipped,3,Apple Watch Ultra,watch,1,2000.0,2000.0
449,2023-09-16,8,5000.0,Shipped,6,iPad Pro,tablet,2,1500.0,3000.0
450,2023-12-06,13,2500.0,Processing,5,MacBook,laptop,1,2500.0,2500.0
451,2023-12-10,4,2000.0,Completed,3,Apple Watch Ultra,watch,1,2000.0,2000.0
451,2023-12-10,4,2998.0,Completed,4,Apple Watch,watch,2,499.0,998.0
451,2023-12-10,4,3997.0,Completed,2,iPhone 16,phone,1,999.0,999.0
452,2022-08-26,6,1500.0,Delivered,6,iPad Pro,tablet,1,1500.0,1500.0
453,2023-03-06,11,4000.0,Processing,3,Apple Watch Ultra,watch,2,2000.0,4000.0
453,2023-03-06,11,5998.0,Processing,2,iPhone 16,phone,2,999.0,1998.0
454,2022-11-26,12,7500.0,Shipped,5,MacBook,laptop,3,2500.0,7500.0
455,2023-03-21,20,499.0,Delivered,4,Apple Watch,watch,1,499.0,499.0
455,2023-03-21,20,4499.0,Delivered,3,Apple Watch Ultra,watch,2,2000.0,4000.0
455,2023-03-21,20,6999.0,Delivered,5,MacBook,laptop,1,2500.0,2500.0
456,2022-11-06,14,2500.0,Shipped,5,MacBook,laptop,1,2500.0,2500.0
457,2023-12-19,10,7500.0,Processing,5,MacBook,laptop,3,2500.0,7500.0
458,2022-04-24,13,2997.0,Delivered,2,iPhone 16,phone,3,999.0,2997.0
459,2022-02-25,14,1500.0,Delivered,6,iPad Pro,tablet,1,1500.0,1500.0
459,2022-02-25,14,2498.0,Delivered,4,Apple Watch,watch,2,499.0,998.0
459,2022-02-25,14,8498.0,Delivered,3,Apple Watch Ultra,watch,3,2000.0,6000.0
460,2022-06-09,12,2997.0,Completed,2,iPhone 16,phone,3,999.0,2997.0
460,2022-06-09,12,3496.0,Completed,4,Apple Watch,watch,1,499.0,499.0
460,2022-06-09,12,9496.0,Completed,3,Apple Watch Ultra,watch,3,2000.0,6000.0
461,2022-08-24,20,4000.0,Shipped,3,Apple Watch Ultra,watch,2,2000.0,4000.0
461,2022-08-24,20,8500.0,Shipped,6,iPad Pro,tablet,3,1500.0,4500.0
462,2022-12-15,13,7500.0,Processing,5,MacBook,laptop,3,2500.0,7500.0
463,2022-06-02,3,3000.0,Shipped,6,iPad Pro,tablet,2,1500.0,3000.0
464,2023-11-06,20,5000.0,Processing,5,MacBook,laptop,2,2500.0,5000.0
464,2023-11-06,20,9500.0,Processing,6,iPad Pro,tablet,3,1500.0,4500.0
464,2023-11-06,20,9999.0,Processing,4,Apple Watch,watch,1,499.0,499.0
465,2022-01-28,6,1998.0,Completed,2,iPhone 16,phone,2,999.0,1998.0
466,2022-12-20,9,4000.0,Completed,3,Apple Watch Ultra,watch,2,2000.0,4000.0
466,2022-12-20,9,4499.0,Completed,4,Apple Watch,watch,1,499.0,499.0
466,2022-12-20,9,6497.0,Completed,2,iPhone 16,phone,2,999.0,1998.0
467,2022-09-01,13,4000.0,Delivered,3,Apple Watch Ultra,watch,2,2000.0,4000.0
468,2022-03-26,16,1497.0,Delivered,4,Apple Watch,watch,3,499.0,1497.0
468,2022-03-26,16,6497.0,Delivered,5,MacBook,laptop,2,2500.0,5000.0
469,2023-05-13,20,4500.0,Delivered,6,iPad Pro,tablet,3,1500.0,4500.0
469,2023-05-13,20,5498.0,Delivered,4,Apple Watch,watch,2,499.0,998.0
469,2023-05-13,20,7498.0,Delivered,3,Apple Watch Ultra,watch,1,2000.0,2000.0
470,2023-04-12,4,1998.0,Shipped,2,iPhone 16,phone,2,999.0,1998.0
470,2023-04-12,4,3998.0,Shipped,3,Apple Watch Ultra,watch,1,2000.0,2000.0
471,2023-11-27,20,2000.0,Delivered,3,Apple Watch Ultra,watch,1,2000.0,2000.0
472,2022-12-20,20,5000.0,Delivered,5,MacBook,laptop,2,2500.0,5000.0
473,2022-04-12,8,499.0,Processing,4,Apple Watch,watch,1,499.0,499.0
473,2022-04-12,8,4499.0,Processing,3,Apple Watch Ultra,watch,2,2000.0,4000.0
473,2022-04-12,8,8999.0,Processing,6,iPad Pro,tablet,3,1500.0,4500.0
474,2023-11-10,12,1497.0,Processing,4,Apple Watch,watch,3,499.0,1497.0
474,2023-11-10,12,4494.0,Processing,2,iPhone 16,phone,3,999.0,2997.0
475,2022-05-12,11,999.0,Delivered,2,iPhone 16,phone,1,999.0,999.0
475,2022-05-12,11,6999.0,Delivered,3,Apple Watch Ultra,watch,3,2000.0,6000.0
475,2022-05-12,11,8496.0,Delivered,4,Apple Watch,watch,3,499.0,1497.0
476,2023-11-20,12,5000.0,Shipped,5,MacBook,laptop,2,2500.0,5000.0
476,2023-11-20,12,6998.0,Shipped,2,iPhone 16,phone,2,999.0,1998.0
476,2023-11-20,12,7497.0,Shipped,4,Apple Watch,watch,1,499.0,499.0
477,2023-03-27,9,4000.0,Processing,3,Apple Watch Ultra,watch,2,2000.0,4000.0
477,2023-03-27,9,6997.0,Processing,2,iPhone 16,phone,3,999.0,2997.0
478,2022-06-09,18,7500.0,Completed,5,MacBook,laptop,3,2500.0,7500.0
478,2022-06-09,18,7999.0,Completed,4,Apple Watch,watch,1,499.0,499.0
479,2023-09-13,2,999.0,Delivered,2,iPhone 16,phone,1,999.0,999.0
480,2023-12-01,20,3000.0,Delivered,6,iPad Pro,tablet,2,1500.0,3000.0
481,2022-09-30,9,7500.0,Processing,5,MacBook,laptop,3,2500.0,7500.0
482,2023-08-12,16,3000.0,Delivered,6,iPad Pro,tablet,2,1500.0,3000.0
483,2022-12-26,3,1500.0,Processing,6,iPad Pro,tablet,1,1500.0,1500.0
484,2023-09-03,16,4500.0,Shipped,6,iPad Pro,tablet,3,1500.0,4500.0
485,2023-09-10,20,6000.0,Completed,3,Apple Watch Ultra,watch,3,2000.0,6000.0
486,2022-05-24,4,5000.0,Completed,5,MacBook,laptop,2,2500.0,5000.0
486,2022-05-24,4,9000.0,Completed,3,Apple Watch Ultra,watch,2,2000.0,4000.0
487,2023-06-17,6,1497.0,Shipped,4,Apple Watch,watch,3,499.0,1497.0
487,2023-06-17,6,6497.0,Shipped,5,MacBook,laptop,2,2500.0,5000.0
488,2023-07-28,11,2500.0,Delivered,5,MacBook,laptop,1,2500.0,2500.0
488,2023-07-28,11,4498.0,Delivered,2,iPhone 16,phone,2,999.0,1998.0
489,2023-03-11,16,1998.0,Shipped,2,iPhone 16,phone,2,999.0,1998.0
489,2023-03-11,16,6498.0,Shipped,6,iPad Pro,tablet,3,1500.0,4500.0
490,2023-04-21,20,3000.0,Delivered,6,iPad Pro,tablet,2,1500.0,3000.0
490,2023-04-21,20,10500.0,Delivered,5,MacBook,laptop,3,2500.0,7500.0
490,2023-04-21,20,14500.0,Delivered,3,Apple Watch Ultra,watch,2,2000.0,4000.0
491,2022-03-22,8,999.0,Delivered,2,iPhone 16,phone,1,999.0,999.0
491,2022-03-22,8,5499.0,Delivered,6,iPad Pro,tablet,3,1500.0,4500.0
491,2022-03-22,8,12999.0,Delivered,5,MacBook,laptop,3,2500.0,7500.0
492,2023-12-26,20,1998.0,Completed,2,iPhone 16,phone,2,999.0,1998.0
492,2023-12-26,20,6998.0,Completed,5,MacBook,laptop,2,2500.0,5000.0
492,2023-12-26,20,10998.0,Completed,3,Apple Watch Ultra,watch,2,2000.0,4000.0
493,2023-06-30,15,1497.0,Processing,4,Apple Watch,watch,3,499.0,1497.0
493,2023-06-30,15,8997.0,Processing,5,MacBook,laptop,3,2500.0,7500.0
493,2023-06-30,15,11994.0,Processing,2,iPhone 16,phone,3,999.0,2997.0
494,2022-02-11,19,1497.0,Processing,4,Apple Watch,watch,3,499.0,1497.0
494,2022-02-11,19,3997.0,Processing,5,MacBook,laptop,1,2500.0,2500.0
495,2023-09-10,17,1497.0,Delivered,4,Apple Watch,watch,3,499.0,1497.0
495,2023-09-10,17,7497.0,Delivered,3,Apple Watch Ultra,watch,3,2000.0,6000.0
495,2023-09-10,17,8496.0,Delivered,2,iPhone 16,phone,1,999.0,999.0
496,2022-11-10,20,3000.0,Delivered,6,iPad Pro,tablet,2,1500.0,3000.0
496,2022-11-10,20,5500.0,Delivered,5,MacBook,laptop,1,2500.0,2500.0
497,2023-08-15,9,2500.0,Delivered,5,MacBook,laptop,1,2500.0,2500.0
497,2023-08-15,9,5500.0,Delivered,6,iPad Pro,tablet,2,1500.0,3000.0
497,2023-08-15,9,7500.0,Delivered,3,Apple Watch Ultra,watch,1,2000.0,2000.0
498,2022-11-23,8,499.0,Shipped,4,Apple Watch,watch,1,499.0,499.0
499,2023-10-14,8,499.0,Processing,4,Apple Watch,watch,1,499.0,499.0
500,2022-05-08,13,999.0,Processing,2,iPhone 16,phone,1,999.0,999.0
